Workbook

Sheet Okuma Kılavuzu
A1: Enerji Yatırım Destekleri Veri Envanteri 2026
A2: Türkiye'de enerji yatırımları için kamu destekleri, uygunluk kuralları ve il katmanı · Son kontrol: 26.09.2026
A4: Bölüm | B4: Açıklama
A5: Amaç | B5: Belirli bir enerji yatırımı için hangi kamu desteğine, hangi şartla, hangi ilde ve ne kadar erişilebileceğini gösteren karar motoruna veri sağlamak. Her satır kaynak, madde ve etiket taşır.
A6: Kapsam | B6: 9903 sayılı Karar (THP, YKH, Stratejik, Öncelikli, Hedef, bölgesel), Yeşil Dönüşüm Programı, VAP, EPS, EKA, KOSGEB, TÜBİTAK 1832, HIT-30, YEKDEM, lisanssız üretim, YEKA 2026, kalkınma ajansları.
A7: Destek sınıfları | B7: Yatırım desteği (hibe, vergi, faiz, KDV, gümrük, SGK) · Performans desteği (EKA) · Gelir/piyasa desteği (YEKDEM, lisanssız ihtiyaç fazlası) · Kapasite tahsisi (YEKA) · Ar-Ge desteği (1832). Sınıflar karıştırılmamalı; YEKDEM bir yatırım hibesi değildir.
A8: Yöntem | B8: Resmî Gazete PDF'leri (taranmış ekler dahil), Bakanlık duyuruları ve usul-esas belgeleri doğrudan okundu. Resmî Gazete'ye erişilemeyen yerlerde Lexpera konsolide metinleri kullanıldı. İkincil kaynaktan gelen her bilgi 'Teyit edilecek' etiketlidir.
A9: Yeniden değerleme oranı | B9: Parasal eşikler sayfasındaki sarı hücre (%25,49) değiştirildiğinde hesaplanan 2026 tutarları kendiliğinden güncellenir. 2027 için yeni oran girilip ilan edilen tutarlarla karşılaştırılabilir.
A10: Sayfalar | B10: Programlar · Destek Unsurları · Uygunluk Kuralları · Yatırım Türü Matrisi · Matris Gerekçeleri · İller · Bölgesel Kurallar · YKH Konuları · Kümülasyon · Parasal Eşikler 2026 · YEKDEM Fiyatları · Gümrük (EK-4) · Takvim ve Çağrılar · Kaynaklar · Teyit Listesi
A11: Uyarı | B11: Ön değerlendirme verisidir. Destek kararı ilgili kurumun incelemesiyle verilir; başvuru öncesinde güncel mevzuat ve ilanlar kontrol edilmelidir.
A13: Etiket | B13: Anlamı
A14: Mevzuat | B14: Resmî Gazete'de yayımlı metin ya da ona dayanan usul ve esaslar; madde numarası yanında.
A15: Duyuru | B15: Bakanlık/kurumun resmî duyurusu veya program sayfası.
A16: Hesaplanan | B16: Bu envanterde formülle hesaplanır (ör. yeniden değerleme).
... A19: Yorum | B19: Mevzuatta açık hüküm yok; maddelerden çıkarılan değerlendirme.
A21: Öne çıkan bulgular
A22: KOSGEB KOBİ Enerji Verimliliği | B22: KOSGEB sitesinde 'Yürürlükten Kaldırılan Destekler' altında; güncel program listesinde yok.
A23: İl farkının sınırı | B23: 9903'te vergi indirimi ve faiz oranları programa bağlı; il değişince asgari tutar, SGK süresi, Hedef faizi (4-6. bölge), İstanbul istisnası ve geçici m.3-4 değişir.
A24: Geçici m.3-4 (31.12.2026) | B24: Deprem ilçeleri ile Cazibe Merkezleri illerindeki OSB imalat yatırımları 6. bölge desteklerinden yararlanır; müracaat için son tarih 31.12.2026.
A25: GES'te EK-3 şartı | B25: 240 kW altı (çatı dahil) ve modernizasyon niteliğindeki GES yatırımları 9903'te desteklenmez; öz tüketimde teşvik sözleşme gücüyle sınırlı.
A26: Li-ion batarya gümrüğü | B26: 8507.60 lityum iyon aküler EK-4'te: teşvik belgesi olsa da gümrük muafiyeti yok. İnverter, trafo, PV modül ve ısı pompası listede değil.
A27: Çimento ve temel çelik | B27: EK-3 dışı veya dar; bu sektörlerde enerji verimliliği için 9903'e yol Yeşil Dönüşüm Programı.
A28: Ekosistem geliştirme planı | B28: KOBİ olmayan ve vergi indirimi alan yatırımcı, SYT'nin en az %2'si tutarında plan uygulamakla yükümlü (9903 m.5/9).
A29: LÜY m.37/10 | B29: Dağıtım ve görevli tedarik şirketlerinin ortakları ve kontrolündeki şirketler, kendi dağıtım bölgelerinde lisanssız RES/GES başvurusu yapamaz; ESCO modelinde başvuru sahibi müşteri olmalı.
A30: Lisanssız 10 yıl sonrası | B30: 11415 sayılı CBK: ihtiyaç fazlası, aynı tip lisanslı tesisin YEKDEM fiyatının %90'ından alınır; PTF'yi aşamaz.
A31: Kümülasyon | B31: Aynı ekipman için VAP, EPS, 9903 ve KOSGEB'den yalnız biri. VAP ile EKA tamamlayıcı.

Sheet Programlar
A1: Programlar
A2: Her program bir satır. Destek sınıfı sütunu, yatırım desteğini gelir/piyasa desteğinden ayırır.
A4: ID | B4: Program | C4: Kurum | D4: Destek sınıfı | E4: Niteliği | F4: 2026 durumu | G4: Başvuru kanalı | H4: Başvuru dönemi | I4: Hedef yatırımcı | J4: Dayanak | K4: Etiket | L4: Kaynak | M4: Not | N4: Son kontrol
A5: P01 | B5: 9903 · Teknoloji Hamlesi Programı (THP) | C5: Sanayi ve Teknoloji Bakanlığı (SAVGM) | D5: Yatırım desteği | E5: Yatırım desteği | F5: Açık | G5: E-TUYS + THP Değerlendirme Komitesi | H5: 31.12.2030'a kadar | I5: Öncelikli ürün listesindeki yüksek teknoloji yatırımcıları | J5: 9903 m.4/2, m.6 | K5: Mevzuat | L5: K02 | M5: Proje bazlı; komite kararı. | N5: 26.09.2026
A6: P02 | B6: 9903 · Yerel Kalkınma Hamlesi Programı (YKH) | C6: Sanayi ve Teknoloji Bakanlığı (Kalkınma Ajansları GM) | D6: Yatırım desteği | E6: Yatırım desteği | F6: 2026 dönemi kapandı | G6: Kalkınma ajansı + YKH Değerlendirme Komitesi | H6: 2026: 02.03-15.05.2026 | I6: İlin 4 yerel yatırım konusunda yatırım yapanlar | J6: 9903 m.7; Yerel Yatırım Konuları Listesi Tebliği | K6: Mevzuat | L6: K02, K05, K31 | M6: Liste her yıl ocak ayında güncellenebilir. | N6: 26.09.2026
A7: P03 | B7: 9903 · Stratejik Hamle Programı | C7: Sanayi ve Teknoloji Bakanlığı | D7: Yatırım desteği | E7: Yatırım desteği | F7: Açık | G7: E-TUYS + Stratejik Hamle Değerlendirme Komitesi | H7: 31.12.2030'a kadar | I7: Büyük ölçekli, ithalatı azaltan imalat; ≥ 62,7 mn TL yeşil/dijital dönüşüm | J7: 9903 m.8 | K7: Mevzuat | L7: K02 | N7: 26.09.2026
A8: P04 | B8: 9903 · Öncelikli Yatırımlar Teşvik Sistemi | C8: Sanayi ve Teknoloji Bakanlığı | D8: Yatırım desteği | E8: Yatırım desteği | F8: Açık | G8: E-TUYS | H8: 31.12.2030'a kadar | I8: m.9/1'de sayılan konular (öz tüketim GES/RES, yeşil/dijital dönüşüm, 6. bölge vb.) | J8: 9903 m.9 | K8: Mevzuat | L8: K02 | N8: 26.09.2026
A9: P05 | B9: 9903 · Hedef Yatırımlar Teşvik Sistemi (EK-3) | C9: Sanayi ve Teknoloji Bakanlığı | D9: Yatırım desteği | E9: Yatırım desteği | F9: Açık | G9: E-TUYS | H9: 31.12.2030'a kadar | I9: EK-3'teki konular ve şartlar | J9: 9903 m.10, EK-3 | K9: Mevzuat | L9: K01, K02 | M9: Elektrik üretimi, dağıtım, depolama ve gaz dağıtımında yalnız KDV ve gümrük kalır. | N9: 26.09.2026
A10: P06 | B10: 9903 · Bölgesel teşvikler (SGK desteği) | C10: Sanayi ve Teknoloji Bakanlığı / SGK | D10: Yatırım desteği | E10: Yatırım desteği (istihdam) | F10: Açık | G10: Teşvik belgesiyle otomatik | H10: 31.12.2030'a kadar | I10: TYKH ve sektörel sistemde belge alan tüm yatırımlar | J10: 9903 m.4/4, m.18, m.19, m.22 | K10: Mevzuat | L10: K02 | N10: 26.09.2026
A11: P07 | B11: Yeşil Dönüşüm Programı (9903 m.12) → Öncelikli / Stratejik | C11: Sanayi ve Teknoloji Bakanlığı (SAVGM) | D11: Yatırım desteği | E11: Yatırım desteği | F11: Açık (çağrıya göre) | G11: Program portalı → E-TUYS | H11: Çağrı bazında | I11: İmalat sanayiinde sermaye şirketleri | J11: 9903 m.9/1-a, m.8/8, m.12; YDDP Tebliği | K11: Mevzuat | L11: K02, K06 | M11: EK-3 şartı aranmaz (m.5/1). | N11: 26.09.2026
A12: P08 | B12: Verimlilik Artırıcı Proje (VAP) Desteği | C12: Enerji ve Tabii Kaynaklar Bakanlığı | D12: Yatırım desteği | E12: Yatırım desteği (hibe) | F12: Açık | G12: evdes.enerji.gov.tr | H12: İlan edilen dönem | I12: Kamu dışı tüzel kişiler | J12: EVY m.16/2; VAP UE | K12: Mevzuat | L12: K09, K10, K11 | M12: 2027'den itibaren etüt dışı projede oran %25. | N12: 26.09.2026
A13: P09 | B13: Enerji Performans Sözleşmesi (EPS) Desteği | C13: Enerji ve Tabii Kaynaklar Bakanlığı | D13: Yatırım desteği | E13: Yatırım desteği (hibe, ESCO üzerinden) | F13: Açık | G13: evdes.enerji.gov.tr (başvuruyu ESCO yapar) | H13: İlan edilen dönem | I13: Enerji yöneticisi görevlendirmekle yükümlü işletme + ESCO | J13: 5627 m.8/1-a; EVY m.16; EPS UE | K13: Mevzuat | L13: K16, K17 | N13: 26.09.2026
A14: P10 | B14: Enerji ve Karbon Azaltım (EKA) Desteği | C14: Enerji ve Tabii Kaynaklar Bakanlığı | D14: Performans desteği | E14: Performans desteği (hibe) | F14: Açık · 30.09.2026'da kapanıyor | G14: evdes.enerji.gov.tr | H14: 01.07-30.09.2026 | I14: İmalat; otel, AVM, hastane, ofis binaları | J14: EVY m.16/3; EKA UE | K14: Mevzuat | L14: K14, K15 | M14: Her sektörde ilk 10 izlemeye alınır. | N14: 26.09.2026
A15: P11 | B15: KOSGEB Yeşil Sanayi Destek Programı | C15: KOSGEB (Dünya Bankası TYSP Bileşen 1) | D15: Yatırım desteği | E15: Yatırım desteği (geri ödemeli) | F15: Çağrı durumu teyit edilecek | G15: KOSGEB e-Hizmetler | H15: Çağrı bazında (2023-01, 2023-02) | I15: Sanayi KOBİ'leri | J15: KOSGEB YSDP Yönergesi | K15: Duyuru | L15: K26 | N15: 26.09.2026
A16: P12 | B16: KOSGEB KOBİ Enerji Verimliliği Destek Programı | C16: KOSGEB | D16: Yatırım desteği | E16: Yatırım desteği | F16: Yürürlükten kaldırıldı | G16: — | H16: — | I16: — | J16: — | K16: Duyuru | L16: K27, K28 | M16: KOSGEB sitesinde 'Yürürlükten Kaldırılan Destekler' altında; güncel listede yok. | N16: 26.09.2026
A17: P13 | B17: TÜBİTAK 1832 Sanayide Yeşil Dönüşüm (Ar-Ge) | C17: TÜBİTAK TEYDEB (Dünya Bankası TYSP) | D17: Ar-Ge desteği | E17: Ar-Ge desteği (hibe + faizsiz geri ödemeli) | F17: Açık · 12.10.2026'da kapanıyor | G17: PRODİS (eteydeb.tubitak.gov.tr) | H17: 2026-2 çağrısı: kapanış 12.10.2026 | I17: KOBİ ve büyük ölçekli kuruluşlar | J17: 1801/1832 program esasları | K17: Duyuru | L17: K29 | M17: Yatırım değil Ar-Ge (THS 3-9). | N17: 26.09.2026
A18: P14 | B18: HIT-30 Yüksek Teknoloji Yatırım Programı | C18: Sanayi ve Teknoloji Bakanlığı | D18: Yatırım desteği | E18: Proje bazlı yatırım desteği | F18: Açık (HIT-Battery, HIT-Wind); HIT-Solar kapandı | G18: hit30@sanayi.gov.tr / çağrı | H18: Çağrı olmadan da başvurulabilir | I18: Küresel ölçekli yüksek teknoloji yatırımcıları | J18: Proje bazlı teşvik; HIT-30 program belgeleri | K18: Duyuru | L18: K25 | M18: Yeşil enerji: yeşil hidrojen, elektrolizör, rüzgâr, güneş hücresi/wafer/ingot, depolama bataryası, batarya bileşenleri, kritik mineraller. | N18: 26.09.2026
A19: P15 | B19: YEKDEM (Yenilenebilir Enerji Kaynakları Destekleme Mekanizması) | C19: ETKB / EPDK / EPİAŞ | D19: Gelir / piyasa desteği | E19: Gelir / piyasa desteği | F19: Açık (31.12.2030'a kadar işletmeye girenler) | G19: YEK Belgesi (EPDK) + YEKDEM listesi | H19: Yıllık kayıt | I19: Lisanslı YEK üreticileri | J19: 5346 m.6, m.6/B; 7189 sayılı CBK | K19: Mevzuat | L19: K19 | M19: Yatırım hibesi değildir; üretilen elektriğin fiyatını destekler. | N19: 26.09.2026
A20: P16 | B20: Lisanssız üretim (öz tüketim, mahsuplaşma, ihtiyaç fazlası) | C20: EPDK / dağıtım şirketleri | D20: Gelir / piyasa düzenlemesi | E20: Gelir / piyasa düzenlemesi | F20: Açık | G20: İlgili dağıtım şirketi | H20: Sürekli | I20: Tüketim tesisi sahipleri | J20: LÜY; 11415 sayılı CBK | K20: Mevzuat | L20: K18, K20 | N20: 26.09.2026
A21: P17 | B21: YEKA 2026 (GES-2026, RES-2026 yarışmaları) | C21: Enerji ve Tabii Kaynaklar Bakanlığı | D21: Kapasite tahsisi | E21: Kapasite tahsisi + alım garantisi | F21: Açık · başvuru 13.10.2026 | G21: Yarışma başvurusu (ETKB) | H21: Başvuru: 13.10.2026 | I21: Tüzel kişiler (yerli ve yabancı) | J21: YEKA Yönetmeliği; GES/RES-2026 şartnameleri | K21: Mevzuat | L21: K21, K22, K23 | M21: 21 yarışma: 14 GES (900 MWe), 7 RES (1.500 MWe). | N21: 26.09.2026
A22: P18 | B22: Kalkınma ajansı mali destek programları | C22: 26 kalkınma ajansı | D22: Yatırım desteği | E22: Hibe / faizsiz kredi (programa göre) | F22: Ajans bazında | G22: Ajans başvuru sistemi | H22: Ajans bazında | I22: Programa göre | J22: 5449 sayılı Kanun | K22: Yorum | L22: K30 | M22: Çağrılar ajanstan ajansa değişir; bu envanterde ayrıntılandırılmadı. | N22: 26.09.2026

Sheet Destek Unsurları
A1: Destek unsurları
A2: Program adı Programlar sayfasından formülle gelir.
A4: Program ID | B4: Program | C4: Destek unsuru | D4: Oran / ölçü | E4: 2026 üst sınır | F4: Süre | G4: Hesap | H4: Dayanak | I4: Etiket | J4: Kaynak
A5: P01 | B5: =IFERROR(INDEX(Programlar!$B$5:$B$22,MATCH(A5,Programlar!$A$5:$A$22,0)),"") -> 9903 · Teknoloji Hamlesi Programı (THP) | C5: Gümrük vergisi muafiyeti | D5: Makine-teçhizat (EK-4 hariç) | E5: — | F5: Belge süresi | G5: — | H5: 9903 m.13 | I5: Mevzuat | J5: K02
A6: P01 | B6: =IFERROR(INDEX(Programlar!$B$5:$B$22,MATCH(A6,Programlar!$A$5:$A$22,0)),"") -> 9903 · Teknoloji Hamlesi Programı (THP) | C6: KDV istisnası | D6: Makine-teçhizat, yazılım | E6: — | F6: Belge süresi | G6: — | H6: 9903 m.14 | I6: Mevzuat | J6: K02
A7: P01 | B7: =IFERROR(INDEX(Programlar!$B$5:$B$22,MATCH(A7,Programlar!$A$5:$A$22,0)),"") -> 9903 · Teknoloji Hamlesi Programı (THP) | C7: Vergi indirimi | D7: Katkı %50, indirim %60 | E7: Katkı tutarı | F7: Katkıya ulaşıncaya kadar | G7: Katkı = SYT × %50 | H7: 9903 m.20/1-a | I7: Mevzuat | J7: K02
A8: P01 | B8: =IFERROR(INDEX(Programlar!$B$5:$B$22,MATCH(A8,Programlar!$A$5:$A$22,0)),"") -> 9903 · Teknoloji Hamlesi Programı (THP) | C8: Faiz/kâr payı desteği | D8: Repo × %40, ≤ 20 puan; kredinin SYT %70'ine kadarı | E8: SYT %20 ve 301 mn TL | F8: ≤ 5 yıl | G8: min(Kredi, %70 SYT) × puan | H8: 9903 m.15/1-a, m.15/3-a | I8: Mevzuat + Teyit edilecek | J8: K02, K04
A9: P01 | B9: =IFERROR(INDEX(Programlar!$B$5:$B$22,MATCH(A9,Programlar!$A$5:$A$22,0)),"") -> 9903 · Teknoloji Hamlesi Programı (THP) | C9: Makine desteği | D9: Birim ≥ 2,5 mn TL makinelerin %25'i | E9: SYT %15 ve 301 mn TL | F9: Yatırım süresi | G9: %25 × uygun makine | H9: 9903 m.16 | I9: Mevzuat + Teyit edilecek | J9: K02, K04
A10: P01 | B10: =IFERROR(INDEX(Programlar!$B$5:$B$22,MATCH(A10,Programlar!$A$5:$A$22,0)),"") -> 9903 · Teknoloji Hamlesi Programı (THP) | C10: SGK işveren hissesi | D10: Asgari ücret kısmı; 6. bölge tamamı, diğer %50 | E10: — | F10: 8 yıl (6. bölge 12) | G10: — | H10: 9903 m.18/3 | I10: Mevzuat | J10: K02
A11: P01 | B11: =IFERROR(INDEX(Programlar!$B$5:$B$22,MATCH(A11,Programlar!$A$5:$A$22,0)),"") -> 9903 · Teknoloji Hamlesi Programı (THP) | C11: Yatırım yeri tahsisi | D11: — | E11: — | F11: — | G11: — | H11: 9903 m.21/2 | I11: Mevzuat | J11: K02
A12: P02 | B12: =IFERROR(INDEX(Programlar!$B$5:$B$22,MATCH(A12,Programlar!$A$5:$A$22,0)),"") -> 9903 · Yerel Kalkınma Hamlesi Programı (YKH) | C12: Destek seti THP ile aynı | D12: Vergi %50; faiz %40 (≤ 20 puan); makine %25 | E12: SYT %20 / %15 ve 301 mn TL | F12: ≤ 5 yıl | G12: — | H12: 9903 m.15/1-a, m.16, m.20/1-a | I12: Mevzuat + Teyit edilecek | J12: K02, K04
A13: P02 | B13: =IFERROR(INDEX(Programlar!$B$5:$B$22,MATCH(A13,Programlar!$A$5:$A$22,0)),"") -> 9903 · Yerel Kalkınma Hamlesi Programı (YKH) | C13: Ekosistem geliştirme planı (yükümlülük) | D13: Tamamlama vizesine kadar SYT'nin ≥ %2'si | E13: — | F13: — | G13: — | H13: 9903 m.5/9 | I13: Mevzuat | J13: K02
A14: P03 | B14: =IFERROR(INDEX(Programlar!$B$5:$B$22,MATCH(A14,Programlar!$A$5:$A$22,0)),"") -> 9903 · Stratejik Hamle Programı | C14: Vergi indirimi | D14: Katkı %40, indirim %60 | E14: Katkı tutarı | F14: — | G14: Katkı = SYT × %40 | H14: 9903 m.20/1-b | I14: Mevzuat | J14: K02
A15: P03 | B15: =IFERROR(INDEX(Programlar!$B$5:$B$22,MATCH(A15,Programlar!$A$5:$A$22,0)),"") -> 9903 · Stratejik Hamle Programı | C15: Faiz/kâr payı desteği | D15: Repo × %30, ≤ 15 puan | E15: SYT %15 ve 226 mn TL | F15: ≤ 5 yıl | G15: — | H15: 9903 m.15/1-b, m.15/3-b | I15: Mevzuat + Teyit edilecek | J15: K02, K04
A16: P03 | B16: =IFERROR(INDEX(Programlar!$B$5:$B$22,MATCH(A16,Programlar!$A$5:$A$22,0)),"") -> 9903 · Stratejik Hamle Programı | C16: Makine desteği (faiz ile birlikte olmaz) | D16: %25 | E16: SYT %15 ve ≈ 226 mn TL | F16: — | G16: — | H16: 9903 m.16/2-b, m.16/3 | I16: Mevzuat + Hesaplanan | J16: K02
... A53: P17 | B53: =IFERROR(INDEX(Programlar!$B$5:$B$22,MATCH(A53,Programlar!$A$5:$A$22,0)),"") -> YEKA 2026 (GES-2026, RES-2026 yarışmaları) | C53: Saha ve bağlantı kapasitesi kullanım hakkı | D53: — | E53: — | F53: 49 yıl | G53: — | H53: Şartname m.1 | I53: Mevzuat | J53: K21, K22

Sheet Uygunluk Kuralları
A1: Makine tarafından kontrol edilebilir uygunluk kuralları
A2: Sonuç: Şart (sağlanmazsa uygun değil) · Engel (varsa uygun değil) · Uyarı · Bilgi. Alan adları karar motorundaki değişkenlere karşılık gelir.
A4: Kural ID | B4: Program(lar) | C4: Alan | D4: Operatör | E4: Değer | F4: Birim | G4: Sonuç | H4: Açıklama | I4: Dayanak | J4: Etiket | K4: Kaynak
A5: R001 | B5: P01-P05 | C5: basvuru_tarihi | D5: ≤ | E5: 31.12.2030 | F5: tarih | G5: Şart | H5: Teşvik belgesi müracaatları 31.12.2030'a kadar değerlendirilir. | I5: 9903 m.5/5 | J5: Mevzuat | K5: K02
A6: R002 | B6: P01-P05 | C6: harcama_tarihi | D6: ≥ | E6: müracaat tarihi | F6: tarih | G6: Engel | H6: Müracaattan önceki harcamalar belgeye alınmaz. | I6: 9903 m.5/6 | J6: Mevzuat | K6: K02
A7: R003 | B7: P04,P05 | C7: sabit_yatirim | D7: ≥ | E7: 15.100.000 (1-2. bölge) / 7.500.000 (3-6. bölge) | F7: TL | G7: Şart | H7: Asgari sabit yatırım (ayrıca belirtilmedikçe). | I7: 9903 m.5/2 | J7: Mevzuat + Teyit edilecek | K7: K02, K04
A8: R004 | B8: P04,P05 | C8: yatirim_konusu | D8: ∈ | E8: EK-3 listesi ve şartları | F8: NACE | G8: Şart | H8: TYKH, Yeşil/Dijital Dönüşüm ve m.9/1-v için aranmaz. | I8: 9903 m.5/1 | J8: Mevzuat | K8: K01
A9: R005 | B9: P05 | C9: yatirim_konusu | D9: ∉ | E9: 35.11/35.12 doğalgaz veya ithal kömüre dayalı elektrik üretimi | F9: NACE | G9: Engel | H9: EK-3: doğalgaz/ithal kömür elektrik üretimi desteklenmez. | I9: 9903 EK-3 (35.11-35.12) | J9: Mevzuat | K9: K01
A10: R006 | B10: P04,P05 | C10: ges_kurulu_guc | D10: ≥ | E10: 240 | F10: kW | G10: Şart | H10: 240 kW altı (çatı dahil) GES ve modernizasyon niteliğindeki GES yatırımları desteklenmez. | I10: 9903 EK-3 (35.12) | J10: Mevzuat | K10: K01
A11: R007 | B11: P05 | C11: sarj_istasyonu | D11: = | E11: Tebliğ şartları | F11: — | G11: Şart | H11: Şarj istasyonları tebliğle belirlenecek şartları sağlarsa desteklenir. | I11: 9903 EK-3 (35.15.01) | J11: Mevzuat | K11: K01
A12: R008 | B12: P05 | C12: depolama | D12: = | E12: EK-3'te var (35.16) | F12: — | G12: Bilgi | H12: Depolama EK-3'te; ancak vergi indirimi ve faiz yok. | I12: 9903 EK-3, m.10/2-3 | J12: Mevzuat | K12: K01, K02
A13: R009 | B13: P05 | C13: imalat_konusu | D13: ∉ | E13: 23.5 çimento, 23.6, 23.7, 23.32, 23.12.03, 23.99.05 | F13: NACE | G13: Engel | H13: EK-3 dışı; bu sektörlerde 9903'e yol yalnız Yeşil Dönüşüm Programı. | I13: 9903 EK-3 (23) · m.5/1 | J13: Mevzuat + Yorum | K13: K01
A14: R010 | B14: P05 | C14: imalat_konusu | D14: ∈ | E14: 24.10 için yalnız 24.10.05, 24.10.08 (DRI/elektroliz), 24.10.12; 24.4; 24.5 | F14: NACE | G14: Şart | H14: Temel demir-çelikte EK-3 dar; verimlilik yatırımı için Yeşil Dönüşüm yolu. | I14: 9903 EK-3 (24) | J14: Mevzuat + Yorum | K14: K01
A15: R011 | B15: P05 | C15: pv_panel_uretimi | D15: = | E15: Ingot dilimleme veya öncesinden başlayan hücre ile entegre | F15: — | G15: Şart | H15: Panel üretimi hücre kapasitesini aşmamak kaydıyla. | I15: 9903 EK-3 (26) | J15: Mevzuat | K15: K01
... A17: R013 | B17: P04 | C17: oz_tuketim_ges_res_kurulu_guc | D17: ≤ | E17: Bağlantı anlaşmasındaki sözleşme gücü | F17: kW | G17: Şart | H17: Teşvik kapsamı sözleşme gücüyle sınırlı. | I17: 9903 m.9/1-e | J17: Mevzuat | K17: K02
A18: R014 | B18: P04 | C18: oz_tuketim_ges_res | D18: → | E18: Faiz desteği yok | F18: — | G18: Bilgi | I18: 9903 m.9/2 | J18: Mevzuat | K18: K02
A19: R015 | B19: P04 | C19: bolge | D19: = | E19: 6 ve enerji dağıtım/depolama/gaz dağıtımı veya (e,f,g) dışı elektrik üretimi | F19: — | G19: Bilgi | H19: 6. bölgede Öncelikli sayılır ama vergi indirimi ve faiz yok. | I19: 9903 m.9/3 | J19: Mevzuat | K19: K02
A20: R016 | B20: P04 | C20: lng_depolama | D20: ≥ | E20: 500 mn TL (2026 ≈ 627,5 mn) | F20: TL | G20: Şart | H20: LNG ve yer altı gaz depolama Öncelikli. | I20: 9903 m.9/1-ğ | J20: Mevzuat + Hesaplanan | K20: K02
A21: R017 | B21: P05 | C21: enerji_uretim_dagitim_depolama_gaz | D21: → | E21: Vergi indirimi ve faiz yok | F21: — | G21: Bilgi | H21: Yalnız gümrük, KDV ve bölgesel SGK. | I21: 9903 m.10/2-3 | J21: Mevzuat | K21: K02
A22: R018 | B22: P05 | C22: il | D22: ≠ | E22: İstanbul | F22: il | G22: Bilgi | H22: İstanbul'daki Hedef yatırımlara vergi indirimi yok. | I22: 9903 m.10/2 | J22: Mevzuat | K22: K02
A23: R019 | B23: P05 | C23: faiz_bolge | D23: ∈ | E23: 4, 5, 6 | F23: bölge | G23: Şart | H23: Hedef yatırımda faiz desteği yalnız 4-6. bölgede. | I23: 9903 m.10/3 | J23: Mevzuat | K23: K02
A24: R020 | B24: P03 | C24: sabit_yatirim | D24: ≥ | E24: 100 mn TL (yüksek tek.) / 200 mn TL (diğer); 2026: 125 / ≈ 251 mn | F24: TL | G24: Şart | H24: Stratejik Hamle asgari tutarı. | I24: 9903 m.8/2 | J24: Mevzuat + Teyit edilecek + Hesaplanan | K24: K02, K04
A25: R021 | B25: P03,P07 | C25: yesil_dijital_sabit_yatirim | D25: ≥ | E25: 62.700.000 | F25: TL | G25: Bilgi | H25: Değerlendirme süreci olmadan Stratejik Hamle'den desteklenebilir. | I25: 9903 m.8/8 | J25: Mevzuat + Teyit edilecek | K25: K02, K04
A26: R022 | B26: P01-P03 | C26: makine_birim_fiyat | D26: ≥ | E26: 2.500.000 | F26: TL | G26: Şart | H26: Makine desteği birim fiyat alt sınırı (2 mn TL'nin 2026 değeri). | I26: 9903 m.16/1 | J26: Mevzuat + Teyit edilecek | K26: K02, K04
A27: R023 | B27: P01-P03 | C27: makine_ve_faiz | D27: ≠ | E27: Birlikte | F27: — | G27: Engel | H27: Makine desteği alan yatırıma faiz desteği verilmez. | I27: 9903 m.15/9, m.16/3 | J27: Mevzuat | K27: K02
A28: R024 | B28: P02 | C28: yatirim_konusu | D28: ∈ | E28: İlin Yerel Yatırım Konuları Listesi | F28: — | G28: Şart | H28: Proje bazında komite değerlendirmesi. | I28: 9903 m.7/3; Tebliğ EK-1 | J28: Mevzuat | K28: K05
A29: R025 | B29: P01-P05 | C29: olcek_ve_vergi | D29: = | E29: KOBİ değil ve vergi indirimi var | F29: — | G29: Uyarı | H29: Ekosistem geliştirme planı: SYT'nin ≥ %2'si kadar harcama yükümlülüğü. | I29: 9903 m.5/9 | J29: Mevzuat | K29: K02
A30: R026 | B30: P01-P05 | C30: yap_islet_yid | D30: ∉ | E30: 4283 Yap-İşlet, 3996 YİD, rödovans | F30: — | G30: Engel | H30: Bu yatırımlar vergi indiriminden yararlanamaz. | I30: 9903 m.20/3 | J30: Mevzuat | K30: K02
A31: R027 | B31: P04 | C31: elektrik_uretimi | D31: → | E31: Yatırım yeri tahsis edilmez | F31: — | G31: Bilgi | I31: 9903 m.21/3 | J31: Mevzuat | K31: K02
A32: R028 | B32: P01-P05 | C32: finansal_kiralama | D32: ≥ | E32: 3.800.000 | F32: TL | G32: Şart | H32: Her finansal kiralama şirketi için asgari tutar. | I32: 9903 m.5/3 | J32: Mevzuat + Teyit edilecek | K32: K02, K04
A33: R029 | B33: P01-P05 | C33: maddi_olmayan_varlik | D33: ≤ | E33: %25 | F33: SYT | G33: Şart | H33: Dijital Dönüşüm hariç. | I33: 9903 m.5/8 | J33: Mevzuat | K33: K02
A34: R030 | B34: P01-P05 | C34: gumruk_muafiyeti | D34: ∉ | E34: EK-4 GTİP listesi | F34: GTİP | G34: Bilgi | H34: EK-4'teki makineler muafiyetsiz ithal edilip SYT'ye dahil edilebilir. | I34: 9903 m.13/2, EK-4 | J34: Mevzuat | K34: K01
A35: R031 | B35: P06 | C35: ilce | D35: ∈ | E35: 7028 EK-2 deprem ilçeleri | F35: — | G35: Bilgi | H35: 31.12.2026'ya kadar müracaatta 6. bölge destekleri; imalatta EK-3 şartı aranmaz. | I35: 9903 geçici m.3 | J35: Mevzuat | K35: K02, K08
A36: R032 | B36: P06 | C36: il_ve_konum | D36: ∈ | E36: Cazibe EK-1 illerinde OSB/endüstri bölgesi + imalat (NACE 10-32, 38.2) | F36: — | G36: Bilgi | H36: 31.12.2026'ya kadar müracaatta 6. bölge destekleri. | I36: 9903 geçici m.4 | J36: Mevzuat | K36: K02, K07
A37: R033 | B37: P06 | C37: konum | D37: ∈ | E37: OSB/endüstri bölgesi veya EK-5 ilçesi | F37: — | G37: Bilgi | H37: SGK desteği bir (ikisi birden: iki) alt bölgeden. | I37: 9903 m.22 | J37: Mevzuat | K37: K01, K02
A38: R034 | B38: P07 | C38: sektor | D38: = | E38: İmalat sanayii; Türkiye'de yerleşik sermaye şirketi | F38: — | G38: Şart | I38: YDDP Tebliği | J38: Mevzuat | K38: K06
A39: R035 | B39: P07 | C39: yol_haritasi_raporu | D39: = | E39: Bakanlık şablonu; başvurudan sonra ≤ 40 iş günü | F39: — | G39: Şart | H39: En az bir proje önerisi içermeli. | I39: YDDP Tebliği | J39: Mevzuat | K39: K06
A40: R036 | B40: P07 | C40: proje_hedefi | D40: = | E40: Birim üretim başına ölçülebilir iyileşme (enerji, sera gazı, su, atık vb.) | F40: — | G40: Şart | H40: Hedefe ulaşılamazsa Öncelikli niteliği kaybedilir. | I40: YDDP Tebliği | J40: Mevzuat | K40: K06
A41: R037 | B41: P07 | C41: yatirim_cinsi | D41: ≠ | E41: Komple yeni yatırım | F41: — | G41: Engel | H41: Mevcut tesise ilave dışındaki yeni yatırımlar desteklenmez. | I41: YDDP Tebliği | J41: Mevzuat | K41: K06
A42: R038 | B42: P07 | C42: yek_uretim_tesisi | D42: → | E42: Ayrı teşvik belgesi | F42: — | G42: Bilgi | H42: YEK üretim tesisi bölgesel destekler için ayrı belgeyle. | I42: YDDP Tebliği | J42: Mevzuat | K42: K06
A43: R039 | B43: P08 | C43: evdes | D43: = | E43: Üye | F43: — | G43: Şart | I43: VAP UE m.5/1-a | J43: Mevzuat | K43: K10
A44: R040 | B44: P08 | C44: enerji_yoneticisi | D44: = | E44: Yükümlülük yerine getirilmiş | F44: — | G44: Şart | H44: EVY m.9/1-2 ve m.32/1. | I44: VAP UE m.5/1-b,c | J44: Mevzuat | K44: K10
A45: R041 | B45: P08 | C45: iso_50001 | D45: = | E45: Var | F45: — | G45: Şart | I45: VAP UE m.5/1-ç | J45: Mevzuat | K45: K10
A46: R042 | B46: P08 | C46: kojenerasyon_verim_belgesi | D46: = | E46: Var (kojenerasyon projelerinde) | F46: — | G46: Şart | I46: VAP UE m.5/1-d | J46: Mevzuat | K46: K10
A47: R043 | B47: P08 | C47: proje_bedeli | D47: ≥ | E47: 5.000.000 (üzerinde) | F47: TL | G47: Şart | H47: 01.07.2026'dan itibaren. | I47: ETKB duyurusu · Oluru 12.03.2026 | J47: Duyuru | K47: K11
A48: R044 | B48: P08 | C48: geri_odeme | D48: ≤ | E48: 7 yıl; kojenerasyon, atık ısıdan elektrik, YEK ısı: 10 yıl | F48: yıl | G48: Şart | I48: ETKB duyurusu · Oluru 12.03.2026 | J48: Duyuru | K48: K11
A49: R045 | B49: P08 | C49: proje_bedeli (mühendis hazırlarsa) | D49: ≤ | E49: 15.000.000 | F49: TL | G49: Şart | H49: Etüt-proje sertifikalı mühendis hazırlarsa. | I49: ETKB duyurusu · Oluru 12.03.2026 | J49: Duyuru | K49: K11
A50: R046 | B50: P08 | C50: proje_durumu | D50: ∉ | E50: Başlanmış, ikinci el, leasing, yakıt dönüşümü, yeni tesis, taşıt, satış amaçlı kojen/YEK ısı, YEK elektrik, kiralık ekipman | F50: — | G50: Engel | I50: VAP UE m.6/7 | J50: Mevzuat | K50: K10
A51: R047 | B51: P08 | C51: proje_sayisi | D51: ≤ | E51: 5 (devam edenler dahil) | F51: adet | G51: Şart | I51: VAP UE m.6/6 | J51: Mevzuat | K51: K10
A52: R048 | B52: P08 | C52: ekipman | D52: ∉ | E52: Başka kamu desteği alınan/başvurulan | F52: — | G52: Engel | I52: EVY m.17/A-6; VAP UE m.11/1 | J52: Mevzuat | K52: K09, K10
A53: R049 | B53: P08 | C53: gerceklesen_tasarruf | D53: ≥ | E53: %90 (öngörülene oranla) | F53: % | G53: Şart | H53: Ödeme şartı. | I53: VAP UE m.9/5 | J53: Mevzuat | K53: K10
A54: R050 | B54: P09 | C54: sozlesme_makami | D54: = | E54: Enerji yöneticisi görevlendirmekle yükümlü (sanayi ≥ 1.000 TEP; ticari/hizmet ≥ 500 TEP veya ≥ 20.000 m²) | F54: — | G54: Şart | I54: EPS UE m.2; EVY m.9/1-2 | J54: Mevzuat | K54: K16, K09
A55: R051 | B55: P09 | C55: yatirim_bedeli | D55: ≥ | E55: 5.000.000 | F55: TL | G55: Şart | H55: Özel sektör EPS'lerinde. | I55: ETKB EPS duyurusu | J55: Duyuru | K55: K17
A56: R052 | B56: P09 | C56: basit_geri_odeme | D56: ≥ | E56: 1 | F56: yıl | G56: Şart | I56: ETKB EPS duyurusu | J56: Duyuru | K56: K17
A57: R053 | B57: P09 | C57: proje_durumu | D57: ∉ | E57: Başlanmış, ikinci el, yakıt dönüşümü, yeni tesis, taşıt, satış amaçlı kojen/YEK ısı, YEK elektrik | F57: — | G57: Engel | I57: EPS UE m.6/3 | J57: Mevzuat | K57: K16
A58: R054 | B58: P09 | C58: kamu_destegi | D58: = | E58: Yok (ESCO ve sözleşme makamı) | F58: — | G58: Şart | I58: EPS UE m.5/4 | J58: Mevzuat | K58: K16
A59: R055 | B59: P10 | C59: sektor | D59: ∈ | E59: İmalat; otel, AVM, hastane, ofis binaları | F59: — | G59: Şart | H59: 2026 çağrısı. | I59: ETKB EKA duyurusu | J59: Duyuru | K59: K14
A60: R056 | B60: P10 | C60: on_kosullar | D60: = | E60: EVDES, enerji yöneticisi, bilgi verme, ISO 50001 | F60: — | G60: Şart | I60: EKA UE m.5/1 | J60: Mevzuat | K60: K15
A61: R057 | B61: P10 | C61: basvuru_tarihi | D61: ∈ | E61: 01.07.2026-30.09.2026 | F61: tarih | G61: Şart | I61: ETKB EKA duyurusu | J61: Duyuru | K61: K14
A62: R058 | B62: P10 | C62: referans_denklem | D62: = | E62: Anlamlı (2023-2025 verisiyle) | F62: — | G62: Şart | I62: EKA UE m.7/1-ç | J62: Mevzuat | K62: K15
A63: R059 | B63: P10 | C63: siralama | D63: ≤ | E63: Sektörde ilk 10 | F63: sıra | G63: Şart | H63: İzlemeye alınma. | I63: ETKB EKA duyurusu | J63: Duyuru | K63: K14
A64: R060 | B64: P10 | C64: azaltim_puani | D64: > | E64: %70 | F64: % | G64: Şart | H64: 2027 nihai değerlendirme. | I64: ETKB EKA duyurusu | J64: Duyuru | K64: K14
A65: R061 | B65: P11 | C65: olcek | D65: = | E65: KOBİ | F65: — | G65: Şart | I65: KOSGEB YSDP | J65: Duyuru | K65: K26
A66: R062 | B66: P11 | C66: sektor | D66: = | E66: Sanayi (imalat) | F66: — | G66: Şart | H66: Dünya Bankası uygun olmayan sektörler listesi ayrıca uygulanır. | I66: KOSGEB YSDP | J66: Duyuru | K66: K26
A67: R063 | B67: P11 | C67: ges | D67: = | E67: Çatı üstü veya tesis içi (on-site) | F67: — | G67: Şart | I67: KOSGEB YSDP | J67: Duyuru | K67: K26
A68: R064 | B68: P13 | C68: proje | D68: = | E68: Yeşil dönüşüm Ar-Ge, THS 3-9 | F68: — | G68: Şart | H68: En az lisans mezunu proje personeli. | I68: 1832 2026-2 çağrısı | J68: Duyuru | K68: K29
A69: R065 | B69: P14 | C69: yatirim_konusu | D69: ∈ | E69: HIT-30 30+ öncelikli konu | F69: — | G69: Şart | H69: Küresel ölçek, teknik ve finansal yeterlilik aranır. | I69: HIT-30 sektörler / proje nitelikleri | J69: Duyuru | K69: K25
A70: R066 | B70: P14 | C70: batarya_kapasitesi | D70: ≥ | E70: 5 | F70: GWh/yıl | G70: Şart | H70: HIT-Battery; hücreden başlayan üretim. | I70: HIT-30 çağrılar | J70: Duyuru | K70: K25
A71: R067 | B71: P15 | C71: yek_belgesi | D71: = | E71: Var; lisanslı üretim | F71: — | G71: Şart | I71: 5346 m.6; 7189 CBK | J71: Mevzuat | K71: K19
A72: R068 | B72: P15 | C72: isletmeye_giris | D72: ∈ | E72: 01.07.2021-31.12.2030 | F72: tarih | G72: Şart | I72: 7189 CBK m.1 | J72: Mevzuat | K72: K19
A73: R069 | B73: P15 | C73: depolama_fiyati | D73: = | E73: Yalnız YEK'ten depolanıp verilen enerji | F73: — | G73: Şart | H73: Şebekeden çekilip depolanan enerjiye uygulanmaz. | I73: 7189 CBK EK-1 (***) | J73: Mevzuat | K73: K19
A74: R070 | B74: P16 | C74: kurulu_guc (h bendi) | D74: ≤ | E74: Sözleşme gücü × 2 (sanayi, belediye, tarımsal sulama); diğerleri × 1 | F74: kW | G74: Şart | I74: LÜY m.5/1-h | J74: Mevzuat | K74: K18
A75: R071 | B75: P16 | C75: yillik_uretim | D75: ≤ | E75: İlişkili tüketimin 2 katı | F75: MWh | G75: Şart | H75: Aşan kısım YEKDEM'e bedelsiz katkı. | I75: LÜY m.26/17 | J75: Mevzuat | K75: K18
A76: R072 | B76: P16 | C76: basvuran | D76: ∉ | E76: Dağıtım/görevli tedarik şirketlerinin ortakları, kontrolündeki tüzel kişiler (kendi dağıtım bölgelerinde, RES/GES) | F76: — | G76: Engel | H76: Enerjisa gibi dağıtım ortaklı gruplar için kritik. | I76: LÜY m.37/10 | J76: Mevzuat | K76: K18
A77: R073 | B77: P16 | C77: butunlesik_depolama | D77: ≤ | E77: Üretim tesisinin elektriksel gücü | F77: kW | G77: Şart | I77: LÜY Ek m.3 | J77: Mevzuat | K77: K18
A78: R074 | B78: P16 | C78: tuketim_tesisine_butunlesik_depolama | D78: ≤ | E78: Sözleşme gücü; aynı ölçüm noktası; yalnız tesis ihtiyacı | F78: kW | G78: Şart | H78: Şebekeye verilen enerji tedarikçi veriş miktarına sayılmaz. | I78: Depolama Yön. m.6 (2021 metni) | J78: Mevzuat + Teyit edilecek | K78: K24
A79: R075 | B79: P16 | C79: mustakil_depolama | D79: = | E79: Tedarik lisansı ve ≥ 2 MW | F79: — | G79: Şart | H79: 2021 metni; sonraki değişiklikler teyit edilecek. | I79: Depolama Yön. m.7 (2021 metni) | J79: Mevzuat + Teyit edilecek | K79: K24
A80: R076 | B80: P17 | C80: basvuran | D80: = | E80: Tüzel kişi / ortak girişim / yabancı sermaye şirketi | F80: — | G80: Şart | I80: Şartname m.3.2 | J80: Mevzuat | K80: K21
A81: R077 | B81: P17 | C81: ges_yerlilik | D81: = | E81: Yerli malı belgeli modül; hücre en az ham wafer'dan yerli | F81: — | G81: Şart | I81: GES-2026 şartnamesi m.6 | J81: Mevzuat | K81: K21
A82: R078 | B82: P17 | C82: res_yerlilik_puani | D82: ≥ | E82: 55 | F82: puan | G82: Şart | I82: RES-2026 şartnamesi m.6 | J82: Mevzuat | K82: K22

Sheet Yatırım Türü Matrisi
A1: Yatırım türü × program matrisi
A2: ✔ uygun · ◐ koşullu · ✖ kapsam dışı · — ilgisiz/değerlendirilmedi. Gerekçe ve madde için 'Matris Gerekçeleri' sayfasına bakın.
B3: Program ID → | C3: P04 | D3: P05 | E3: P03 | F3: P01 | G3: P02 | H3: P07 | I3: P08 | J3: P09 | K3: P10 | L3: P11 | M3: P13 | N3: P14 | O3: P15 | P3: P16 | Q3: P17
A4: ID | B4: Yatırım türü | C4: 9903 Öncelikli | D4: 9903 Hedef | E4: 9903 Stratejik | F4: 9903 THP | G4: 9903 YKH | H4: Yeşil Dönüşüm | I4: VAP | J4: EPS | K4: EKA | L4: KOSGEB YSDP | M4: TÜBİTAK 1832 | N4: HIT-30 | O4: YEKDEM | P4: Lisanssız | Q4: YEKA 2026
A5: T01 | B5: GES · öz tüketim (imalat) | C5: =IFERROR(INDEX('Matris Gerekçeleri'!$F$5:$F$84,MATCH($A5&"|"&C$3,'Matris Gerekçeleri'!$A$5:$A$84,0)),"—") -> ◐ | D5: =IFERROR(INDEX('Matris Gerekçeleri'!$F$5:$F$84,MATCH($A5&"|"&D$3,'Matris Gerekçeleri'!$A$5:$A$84,0)),"—") -> ✖ | E5: =IFERROR(INDEX('Matris Gerekçeleri'!$F$5:$F$84,MATCH($A5&"|"&E$3,'Matris Gerekçeleri'!$A$5:$A$84,0)),"—") -> — | F5: =IFERROR(INDEX('Matris Gerekçeleri'!$F$5:$F$84,MATCH($A5&"|"&F$3,'Matris Gerekçeleri'!$A$5:$A$84,0)),"—") -> — | G5: =IFERROR(INDEX('Matris Gerekçeleri'!$F$5:$F$84,MATCH($A5&"|"&G$3,'Matris Gerekçeleri'!$A$5:$A$84,0)),"—") -> — | H5: =IFERROR(INDEX('Matris Gerekçeleri'!$F$5:$F$84,MATCH($A5&"|"&H$3,'Matris Gerekçeleri'!$A$5:$A$84,0)),"—") -> ✖ | I5: =IFERROR(INDEX('Matris Gerekçeleri'!$F$5:$F$84,MATCH($A5&"|"&I$3,'Matris Gerekçeleri'!$A$5:$A$84,0)),"—") -> ✖ | J5: =IFERROR(INDEX('Matris Gerekçeleri'!$F$5:$F$84,MATCH($A5&"|"&J$3,'Matris Gerekçeleri'!$A$5:$A$84,0)),"—") -> ✖ | ... Q5: =IFERROR(INDEX('Matris Gerekçeleri'!$F$5:$F$84,MATCH($A5&"|"&Q$3,'Matris Gerekçeleri'!$A$5:$A$84,0)),"—") -> —
A6: T02 | B6: GES · öz tüketim (ticari/hizmet, diğer) | C6: =IFERROR(INDEX('Matris Gerekçeleri'!$F$5:$F$84,MATCH($A6&"|"&C$3,'Matris Gerekçeleri'!$A$5:$A$84,0)),"—") -> ✖ | D6: =IFERROR(INDEX('Matris Gerekçeleri'!$F$5:$F$84,MATCH($A6&"|"&D$3,'Matris Gerekçeleri'!$A$5:$A$84,0)),"—") -> ◐ | E6: =IFERROR(INDEX('Matris Gerekçeleri'!$F$5:$F$84,MATCH($A6&"|"&E$3,'Matris Gerekçeleri'!$A$5:$A$84,0)),"—") -> — | F6: =IFERROR(INDEX('Matris Gerekçeleri'!$F$5:$F$84,MATCH($A6&"|"&F$3,'Matris Gerekçeleri'!$A$5:$A$84,0)),"—") -> — | G6: =IFERROR(INDEX('Matris Gerekçeleri'!$F$5:$F$84,MATCH($A6&"|"&G$3,'Matris Gerekçeleri'!$A$5:$A$84,0)),"—") -> — | H6: =IFERROR(INDEX('Matris Gerekçeleri'!$F$5:$F$84,MATCH($A6&"|"&H$3,'Matris Gerekçeleri'!$A$5:$A$84,0)),"—") -> — | I6: =IFERROR(INDEX('Matris Gerekçeleri'!$F$5:$F$84,MATCH($A6&"|"&I$3,'Matris Gerekçeleri'!$A$5:$A$84,0)),"—") -> ✖ | J6: =IFERROR(INDEX('Matris Gerekçeleri'!$F$5:$F$84,MATCH($A6&"|"&J$3,'Matris Gerekçeleri'!$A$5:$A$84,0)),"—") -> — | ... Q6: =IFERROR(INDEX('Matris Gerekçeleri'!$F$5:$F$84,MATCH($A6&"|"&Q$3,'Matris Gerekçeleri'!$A$5:$A$84,0)),"—") -> —
A7: T03 | B7: GES · lisanslı / satış (YEKA dışı) | C7: =IFERROR(INDEX('Matris Gerekçeleri'!$F$5:$F$84,MATCH($A7&"|"&C$3,'Matris Gerekçeleri'!$A$5:$A$84,0)),"—") -> — | D7: =IFERROR(INDEX('Matris Gerekçeleri'!$F$5:$F$84,MATCH($A7&"|"&D$3,'Matris Gerekçeleri'!$A$5:$A$84,0)),"—") -> ◐ | E7: =IFERROR(INDEX('Matris Gerekçeleri'!$F$5:$F$84,MATCH($A7&"|"&E$3,'Matris Gerekçeleri'!$A$5:$A$84,0)),"—") -> — | F7: =IFERROR(INDEX('Matris Gerekçeleri'!$F$5:$F$84,MATCH($A7&"|"&F$3,'Matris Gerekçeleri'!$A$5:$A$84,0)),"—") -> — | G7: =IFERROR(INDEX('Matris Gerekçeleri'!$F$5:$F$84,MATCH($A7&"|"&G$3,'Matris Gerekçeleri'!$A$5:$A$84,0)),"—") -> — | H7: =IFERROR(INDEX('Matris Gerekçeleri'!$F$5:$F$84,MATCH($A7&"|"&H$3,'Matris Gerekçeleri'!$A$5:$A$84,0)),"—") -> — | I7: =IFERROR(INDEX('Matris Gerekçeleri'!$F$5:$F$84,MATCH($A7&"|"&I$3,'Matris Gerekçeleri'!$A$5:$A$84,0)),"—") -> — | J7: =IFERROR(INDEX('Matris Gerekçeleri'!$F$5:$F$84,MATCH($A7&"|"&J$3,'Matris Gerekçeleri'!$A$5:$A$84,0)),"—") -> — | ... Q7: =IFERROR(INDEX('Matris Gerekçeleri'!$F$5:$F$84,MATCH($A7&"|"&Q$3,'Matris Gerekçeleri'!$A$5:$A$84,0)),"—") -> —
A8: T04 | B8: GES · YEKA | C8: =IFERROR(INDEX('Matris Gerekçeleri'!$F$5:$F$84,MATCH($A8&"|"&C$3,'Matris Gerekçeleri'!$A$5:$A$84,0)),"—") -> — | D8: =IFERROR(INDEX('Matris Gerekçeleri'!$F$5:$F$84,MATCH($A8&"|"&D$3,'Matris Gerekçeleri'!$A$5:$A$84,0)),"—") -> ◐ | E8: =IFERROR(INDEX('Matris Gerekçeleri'!$F$5:$F$84,MATCH($A8&"|"&E$3,'Matris Gerekçeleri'!$A$5:$A$84,0)),"—") -> — | F8: =IFERROR(INDEX('Matris Gerekçeleri'!$F$5:$F$84,MATCH($A8&"|"&F$3,'Matris Gerekçeleri'!$A$5:$A$84,0)),"—") -> — | G8: =IFERROR(INDEX('Matris Gerekçeleri'!$F$5:$F$84,MATCH($A8&"|"&G$3,'Matris Gerekçeleri'!$A$5:$A$84,0)),"—") -> — | H8: =IFERROR(INDEX('Matris Gerekçeleri'!$F$5:$F$84,MATCH($A8&"|"&H$3,'Matris Gerekçeleri'!$A$5:$A$84,0)),"—") -> — | I8: =IFERROR(INDEX('Matris Gerekçeleri'!$F$5:$F$84,MATCH($A8&"|"&I$3,'Matris Gerekçeleri'!$A$5:$A$84,0)),"—") -> — | J8: =IFERROR(INDEX('Matris Gerekçeleri'!$F$5:$F$84,MATCH($A8&"|"&J$3,'Matris Gerekçeleri'!$A$5:$A$84,0)),"—") -> — | ... Q8: =IFERROR(INDEX('Matris Gerekçeleri'!$F$5:$F$84,MATCH($A8&"|"&Q$3,'Matris Gerekçeleri'!$A$5:$A$84,0)),"—") -> ✔
A9: T05 | B9: RES · öz tüketim | C9: =IFERROR(INDEX('Matris Gerekçeleri'!$F$5:$F$84,MATCH($A9&"|"&C$3,'Matris Gerekçeleri'!$A$5:$A$84,0)),"—") -> ◐ | D9: =IFERROR(INDEX('Matris Gerekçeleri'!$F$5:$F$84,MATCH($A9&"|"&D$3,'Matris Gerekçeleri'!$A$5:$A$84,0)),"—") -> — | E9: =IFERROR(INDEX('Matris Gerekçeleri'!$F$5:$F$84,MATCH($A9&"|"&E$3,'Matris Gerekçeleri'!$A$5:$A$84,0)),"—") -> — | F9: =IFERROR(INDEX('Matris Gerekçeleri'!$F$5:$F$84,MATCH($A9&"|"&F$3,'Matris Gerekçeleri'!$A$5:$A$84,0)),"—") -> — | G9: =IFERROR(INDEX('Matris Gerekçeleri'!$F$5:$F$84,MATCH($A9&"|"&G$3,'Matris Gerekçeleri'!$A$5:$A$84,0)),"—") -> — | H9: =IFERROR(INDEX('Matris Gerekçeleri'!$F$5:$F$84,MATCH($A9&"|"&H$3,'Matris Gerekçeleri'!$A$5:$A$84,0)),"—") -> — | I9: =IFERROR(INDEX('Matris Gerekçeleri'!$F$5:$F$84,MATCH($A9&"|"&I$3,'Matris Gerekçeleri'!$A$5:$A$84,0)),"—") -> — | J9: =IFERROR(INDEX('Matris Gerekçeleri'!$F$5:$F$84,MATCH($A9&"|"&J$3,'Matris Gerekçeleri'!$A$5:$A$84,0)),"—") -> — | ... Q9: =IFERROR(INDEX('Matris Gerekçeleri'!$F$5:$F$84,MATCH($A9&"|"&Q$3,'Matris Gerekçeleri'!$A$5:$A$84,0)),"—") -> —
A10: T06 | B10: RES · lisanslı / YEKA | C10: =IFERROR(INDEX('Matris Gerekçeleri'!$F$5:$F$84,MATCH($A10&"|"&C$3,'Matris Gerekçeleri'!$A$5:$A$84,0)),"—") -> — | D10: =IFERROR(INDEX('Matris Gerekçeleri'!$F$5:$F$84,MATCH($A10&"|"&D$3,'Matris Gerekçeleri'!$A$5:$A$84,0)),"—") -> ◐ | E10: =IFERROR(INDEX('Matris Gerekçeleri'!$F$5:$F$84,MATCH($A10&"|"&E$3,'Matris Gerekçeleri'!$A$5:$A$84,0)),"—") -> — | F10: =IFERROR(INDEX('Matris Gerekçeleri'!$F$5:$F$84,MATCH($A10&"|"&F$3,'Matris Gerekçeleri'!$A$5:$A$84,0)),"—") -> — | G10: =IFERROR(INDEX('Matris Gerekçeleri'!$F$5:$F$84,MATCH($A10&"|"&G$3,'Matris Gerekçeleri'!$A$5:$A$84,0)),"—") -> — | H10: =IFERROR(INDEX('Matris Gerekçeleri'!$F$5:$F$84,MATCH($A10&"|"&H$3,'Matris Gerekçeleri'!$A$5:$A$84,0)),"—") -> — | I10: =IFERROR(INDEX('Matris Gerekçeleri'!$F$5:$F$84,MATCH($A10&"|"&I$3,'Matris Gerekçeleri'!$A$5:$A$84,0)),"—") -> — | J10: =IFERROR(INDEX('Matris Gerekçeleri'!$F$5:$F$84,MATCH($A10&"|"&J$3,'Matris Gerekçeleri'!$A$5:$A$84,0)),"—") -> — | ... Q10: =IFERROR(INDEX('Matris Gerekçeleri'!$F$5:$F$84,MATCH($A10&"|"&Q$3,'Matris Gerekçeleri'!$A$5:$A$84,0)),"—") -> ✔
A11: T07 | B11: BESS · tüketim tesisine bütünleşik | C11: =IFERROR(INDEX('Matris Gerekçeleri'!$F$5:$F$84,MATCH($A11&"|"&C$3,'Matris Gerekçeleri'!$A$5:$A$84,0)),"—") -> ◐ | D11: =IFERROR(INDEX('Matris Gerekçeleri'!$F$5:$F$84,MATCH($A11&"|"&D$3,'Matris Gerekçeleri'!$A$5:$A$84,0)),"—") -> — | E11: =IFERROR(INDEX('Matris Gerekçeleri'!$F$5:$F$84,MATCH($A11&"|"&E$3,'Matris Gerekçeleri'!$A$5:$A$84,0)),"—") -> — | F11: =IFERROR(INDEX('Matris Gerekçeleri'!$F$5:$F$84,MATCH($A11&"|"&F$3,'Matris Gerekçeleri'!$A$5:$A$84,0)),"—") -> — | G11: =IFERROR(INDEX('Matris Gerekçeleri'!$F$5:$F$84,MATCH($A11&"|"&G$3,'Matris Gerekçeleri'!$A$5:$A$84,0)),"—") -> — | H11: =IFERROR(INDEX('Matris Gerekçeleri'!$F$5:$F$84,MATCH($A11&"|"&H$3,'Matris Gerekçeleri'!$A$5:$A$84,0)),"—") -> — | I11: =IFERROR(INDEX('Matris Gerekçeleri'!$F$5:$F$84,MATCH($A11&"|"&I$3,'Matris Gerekçeleri'!$A$5:$A$84,0)),"—") -> ✖ | J11: =IFERROR(INDEX('Matris Gerekçeleri'!$F$5:$F$84,MATCH($A11&"|"&J$3,'Matris Gerekçeleri'!$A$5:$A$84,0)),"—") -> — | ... Q11: =IFERROR(INDEX('Matris Gerekçeleri'!$F$5:$F$84,MATCH($A11&"|"&Q$3,'Matris Gerekçeleri'!$A$5:$A$84,0)),"—") -> —
A12: T08 | B12: BESS · üretim tesisine bütünleşik | C12: =IFERROR(INDEX('Matris Gerekçeleri'!$F$5:$F$84,MATCH($A12&"|"&C$3,'Matris Gerekçeleri'!$A$5:$A$84,0)),"—") -> — | D12: =IFERROR(INDEX('Matris Gerekçeleri'!$F$5:$F$84,MATCH($A12&"|"&D$3,'Matris Gerekçeleri'!$A$5:$A$84,0)),"—") -> ◐ | E12: =IFERROR(INDEX('Matris Gerekçeleri'!$F$5:$F$84,MATCH($A12&"|"&E$3,'Matris Gerekçeleri'!$A$5:$A$84,0)),"—") -> — | F12: =IFERROR(INDEX('Matris Gerekçeleri'!$F$5:$F$84,MATCH($A12&"|"&F$3,'Matris Gerekçeleri'!$A$5:$A$84,0)),"—") -> — | G12: =IFERROR(INDEX('Matris Gerekçeleri'!$F$5:$F$84,MATCH($A12&"|"&G$3,'Matris Gerekçeleri'!$A$5:$A$84,0)),"—") -> — | H12: =IFERROR(INDEX('Matris Gerekçeleri'!$F$5:$F$84,MATCH($A12&"|"&H$3,'Matris Gerekçeleri'!$A$5:$A$84,0)),"—") -> — | I12: =IFERROR(INDEX('Matris Gerekçeleri'!$F$5:$F$84,MATCH($A12&"|"&I$3,'Matris Gerekçeleri'!$A$5:$A$84,0)),"—") -> — | J12: =IFERROR(INDEX('Matris Gerekçeleri'!$F$5:$F$84,MATCH($A12&"|"&J$3,'Matris Gerekçeleri'!$A$5:$A$84,0)),"—") -> — | ... Q12: =IFERROR(INDEX('Matris Gerekçeleri'!$F$5:$F$84,MATCH($A12&"|"&Q$3,'Matris Gerekçeleri'!$A$5:$A$84,0)),"—") -> —
A13: T09 | B13: BESS · müstakil depolama | C13: =IFERROR(INDEX('Matris Gerekçeleri'!$F$5:$F$84,MATCH($A13&"|"&C$3,'Matris Gerekçeleri'!$A$5:$A$84,0)),"—") -> — | D13: =IFERROR(INDEX('Matris Gerekçeleri'!$F$5:$F$84,MATCH($A13&"|"&D$3,'Matris Gerekçeleri'!$A$5:$A$84,0)),"—") -> ◐ | E13: =IFERROR(INDEX('Matris Gerekçeleri'!$F$5:$F$84,MATCH($A13&"|"&E$3,'Matris Gerekçeleri'!$A$5:$A$84,0)),"—") -> — | F13: =IFERROR(INDEX('Matris Gerekçeleri'!$F$5:$F$84,MATCH($A13&"|"&F$3,'Matris Gerekçeleri'!$A$5:$A$84,0)),"—") -> — | G13: =IFERROR(INDEX('Matris Gerekçeleri'!$F$5:$F$84,MATCH($A13&"|"&G$3,'Matris Gerekçeleri'!$A$5:$A$84,0)),"—") -> — | H13: =IFERROR(INDEX('Matris Gerekçeleri'!$F$5:$F$84,MATCH($A13&"|"&H$3,'Matris Gerekçeleri'!$A$5:$A$84,0)),"—") -> — | I13: =IFERROR(INDEX('Matris Gerekçeleri'!$F$5:$F$84,MATCH($A13&"|"&I$3,'Matris Gerekçeleri'!$A$5:$A$84,0)),"—") -> — | J13: =IFERROR(INDEX('Matris Gerekçeleri'!$F$5:$F$84,MATCH($A13&"|"&J$3,'Matris Gerekçeleri'!$A$5:$A$84,0)),"—") -> — | ... Q13: =IFERROR(INDEX('Matris Gerekçeleri'!$F$5:$F$84,MATCH($A13&"|"&Q$3,'Matris Gerekçeleri'!$A$5:$A$84,0)),"—") -> —
A14: T10 | B14: HES | C14: =IFERROR(INDEX('Matris Gerekçeleri'!$F$5:$F$84,MATCH($A14&"|"&C$3,'Matris Gerekçeleri'!$A$5:$A$84,0)),"—") -> — | D14: =IFERROR(INDEX('Matris Gerekçeleri'!$F$5:$F$84,MATCH($A14&"|"&D$3,'Matris Gerekçeleri'!$A$5:$A$84,0)),"—") -> ◐ | E14: =IFERROR(INDEX('Matris Gerekçeleri'!$F$5:$F$84,MATCH($A14&"|"&E$3,'Matris Gerekçeleri'!$A$5:$A$84,0)),"—") -> — | F14: =IFERROR(INDEX('Matris Gerekçeleri'!$F$5:$F$84,MATCH($A14&"|"&F$3,'Matris Gerekçeleri'!$A$5:$A$84,0)),"—") -> — | G14: =IFERROR(INDEX('Matris Gerekçeleri'!$F$5:$F$84,MATCH($A14&"|"&G$3,'Matris Gerekçeleri'!$A$5:$A$84,0)),"—") -> — | H14: =IFERROR(INDEX('Matris Gerekçeleri'!$F$5:$F$84,MATCH($A14&"|"&H$3,'Matris Gerekçeleri'!$A$5:$A$84,0)),"—") -> — | I14: =IFERROR(INDEX('Matris Gerekçeleri'!$F$5:$F$84,MATCH($A14&"|"&I$3,'Matris Gerekçeleri'!$A$5:$A$84,0)),"—") -> — | J14: =IFERROR(INDEX('Matris Gerekçeleri'!$F$5:$F$84,MATCH($A14&"|"&J$3,'Matris Gerekçeleri'!$A$5:$A$84,0)),"—") -> — | ... Q14: =IFERROR(INDEX('Matris Gerekçeleri'!$F$5:$F$84,MATCH($A14&"|"&Q$3,'Matris Gerekçeleri'!$A$5:$A$84,0)),"—") -> —
A15: T11 | B15: Biyokütle / biyogaz · elektrik | C15: =IFERROR(INDEX('Matris Gerekçeleri'!$F$5:$F$84,MATCH($A15&"|"&C$3,'Matris Gerekçeleri'!$A$5:$A$84,0)),"—") -> — | D15: =IFERROR(INDEX('Matris Gerekçeleri'!$F$5:$F$84,MATCH($A15&"|"&D$3,'Matris Gerekçeleri'!$A$5:$A$84,0)),"—") -> ◐ | E15: =IFERROR(INDEX('Matris Gerekçeleri'!$F$5:$F$84,MATCH($A15&"|"&E$3,'Matris Gerekçeleri'!$A$5:$A$84,0)),"—") -> — | F15: =IFERROR(INDEX('Matris Gerekçeleri'!$F$5:$F$84,MATCH($A15&"|"&F$3,'Matris Gerekçeleri'!$A$5:$A$84,0)),"—") -> — | G15: =IFERROR(INDEX('Matris Gerekçeleri'!$F$5:$F$84,MATCH($A15&"|"&G$3,'Matris Gerekçeleri'!$A$5:$A$84,0)),"—") -> — | H15: =IFERROR(INDEX('Matris Gerekçeleri'!$F$5:$F$84,MATCH($A15&"|"&H$3,'Matris Gerekçeleri'!$A$5:$A$84,0)),"—") -> — | I15: =IFERROR(INDEX('Matris Gerekçeleri'!$F$5:$F$84,MATCH($A15&"|"&I$3,'Matris Gerekçeleri'!$A$5:$A$84,0)),"—") -> — | J15: =IFERROR(INDEX('Matris Gerekçeleri'!$F$5:$F$84,MATCH($A15&"|"&J$3,'Matris Gerekçeleri'!$A$5:$A$84,0)),"—") -> — | ... Q15: =IFERROR(INDEX('Matris Gerekçeleri'!$F$5:$F$84,MATCH($A15&"|"&Q$3,'Matris Gerekçeleri'!$A$5:$A$84,0)),"—") -> —
A16: T12 | B16: Jeotermal · elektrik | C16: =IFERROR(INDEX('Matris Gerekçeleri'!$F$5:$F$84,MATCH($A16&"|"&C$3,'Matris Gerekçeleri'!$A$5:$A$84,0)),"—") -> — | D16: =IFERROR(INDEX('Matris Gerekçeleri'!$F$5:$F$84,MATCH($A16&"|"&D$3,'Matris Gerekçeleri'!$A$5:$A$84,0)),"—") -> ◐ | E16: =IFERROR(INDEX('Matris Gerekçeleri'!$F$5:$F$84,MATCH($A16&"|"&E$3,'Matris Gerekçeleri'!$A$5:$A$84,0)),"—") -> — | F16: =IFERROR(INDEX('Matris Gerekçeleri'!$F$5:$F$84,MATCH($A16&"|"&F$3,'Matris Gerekçeleri'!$A$5:$A$84,0)),"—") -> — | G16: =IFERROR(INDEX('Matris Gerekçeleri'!$F$5:$F$84,MATCH($A16&"|"&G$3,'Matris Gerekçeleri'!$A$5:$A$84,0)),"—") -> — | H16: =IFERROR(INDEX('Matris Gerekçeleri'!$F$5:$F$84,MATCH($A16&"|"&H$3,'Matris Gerekçeleri'!$A$5:$A$84,0)),"—") -> — | I16: =IFERROR(INDEX('Matris Gerekçeleri'!$F$5:$F$84,MATCH($A16&"|"&I$3,'Matris Gerekçeleri'!$A$5:$A$84,0)),"—") -> — | J16: =IFERROR(INDEX('Matris Gerekçeleri'!$F$5:$F$84,MATCH($A16&"|"&J$3,'Matris Gerekçeleri'!$A$5:$A$84,0)),"—") -> — | ... Q16: =IFERROR(INDEX('Matris Gerekçeleri'!$F$5:$F$84,MATCH($A16&"|"&Q$3,'Matris Gerekçeleri'!$A$5:$A$84,0)),"—") -> —
... A26: T22 | B26: Yatırımsız iyileştirme (operasyonel) | C26: =IFERROR(INDEX('Matris Gerekçeleri'!$F$5:$F$84,MATCH($A26&"|"&C$3,'Matris Gerekçeleri'!$A$5:$A$84,0)),"—") -> ✖ | D26: =IFERROR(INDEX('Matris Gerekçeleri'!$F$5:$F$84,MATCH($A26&"|"&D$3,'Matris Gerekçeleri'!$A$5:$A$84,0)),"—") -> — | E26: =IFERROR(INDEX('Matris Gerekçeleri'!$F$5:$F$84,MATCH($A26&"|"&E$3,'Matris Gerekçeleri'!$A$5:$A$84,0)),"—") -> — | F26: =IFERROR(INDEX('Matris Gerekçeleri'!$F$5:$F$84,MATCH($A26&"|"&F$3,'Matris Gerekçeleri'!$A$5:$A$84,0)),"—") -> — | G26: =IFERROR(INDEX('Matris Gerekçeleri'!$F$5:$F$84,MATCH($A26&"|"&G$3,'Matris Gerekçeleri'!$A$5:$A$84,0)),"—") -> — | H26: =IFERROR(INDEX('Matris Gerekçeleri'!$F$5:$F$84,MATCH($A26&"|"&H$3,'Matris Gerekçeleri'!$A$5:$A$84,0)),"—") -> — | I26: =IFERROR(INDEX('Matris Gerekçeleri'!$F$5:$F$84,MATCH($A26&"|"&I$3,'Matris Gerekçeleri'!$A$5:$A$84,0)),"—") -> ✖ | J26: =IFERROR(INDEX('Matris Gerekçeleri'!$F$5:$F$84,MATCH($A26&"|"&J$3,'Matris Gerekçeleri'!$A$5:$A$84,0)),"—") -> — | ... Q26: =IFERROR(INDEX('Matris Gerekçeleri'!$F$5:$F$84,MATCH($A26&"|"&Q$3,'Matris Gerekçeleri'!$A$5:$A$84,0)),"—") -> —
B28: Özet (formül)
B29: ✔ uygun tür sayısı | C29: =COUNTIF(C$5:C$26,"✔") -> 0 | D29: =COUNTIF(D$5:D$26,"✔") -> 0 | E29: =COUNTIF(E$5:E$26,"✔") -> 0 | F29: =COUNTIF(F$5:F$26,"✔") -> 0 | G29: =COUNTIF(G$5:G$26,"✔") -> 0 | H29: =COUNTIF(H$5:H$26,"✔") -> 4 | I29: =COUNTIF(I$5:I$26,"✔") -> 6 | J29: =COUNTIF(J$5:J$26,"✔") -> 4 | ... Q29: =COUNTIF(Q$5:Q$26,"✔") -> 2
B30: ◐ koşullu tür sayısı | C30: =COUNTIF(C$5:C$26,"◐") -> 4 | D30: =COUNTIF(D$5:D$26,"◐") -> 14 | E30: =COUNTIF(E$5:E$26,"◐") -> 0 | F30: =COUNTIF(F$5:F$26,"◐") -> 1 | G30: =COUNTIF(G$5:G$26,"◐") -> 3 | H30: =COUNTIF(H$5:H$26,"◐") -> 3 | I30: =COUNTIF(I$5:I$26,"◐") -> 0 | J30: =COUNTIF(J$5:J$26,"◐") -> 0 | ... Q30: =COUNTIF(Q$5:Q$26,"◐") -> 0
B31: ✖ kapsam dışı tür sayısı | C31: =COUNTIF(C$5:C$26,"✖") -> 2 | D31: =COUNTIF(D$5:D$26,"✖") -> 1 | E31: =COUNTIF(E$5:E$26,"✖") -> 0 | F31: =COUNTIF(F$5:F$26,"✖") -> 0 | G31: =COUNTIF(G$5:G$26,"✖") -> 0 | H31: =COUNTIF(H$5:H$26,"✖") -> 1 | I31: =COUNTIF(I$5:I$26,"✖") -> 5 | J31: =COUNTIF(J$5:J$26,"✖") -> 2 | ... Q31: =COUNTIF(Q$5:Q$26,"✖") -> 0

Sheet Matris Gerekçeleri
A1: Yatırım türü × program gerekçeleri
A2: Matris bu tablodan INDEX/MATCH ile beslenir. Durum: ✔ uygun · ◐ koşullu · ✖ kapsam dışı. Satır eklenirse matris kendiliğinden güncellenir.
A4: Anahtar | B4: Tür ID | C4: Yatırım türü | D4: Program ID | E4: Program | F4: Durum | G4: Gerekçe | H4: Dayanak | I4: Etiket
A5: =B5&"|"&D5 -> T01|P04 | B5: T01 | C5: GES · öz tüketim (imalat) | D5: P04 | E5: 9903 Öncelikli | F5: ◐ | G5: Yalnız imalat; sözleşme gücüne kadar; ≥ 240 kW; faiz yok. | H5: 9903 m.9/1-e, m.9/2, EK-3 35.12 | I5: Mevzuat
A6: =B6&"|"&D6 -> T01|P05 | B6: T01 | C6: GES · öz tüketim (imalat) | D6: P05 | E6: 9903 Hedef | F6: ✖ | G6: Öncelikli (e) kapsamında değerlendirilir. | H6: 9903 m.9/1-e | I6: Yorum
A7: =B7&"|"&D7 -> T01|P07 | B7: T01 | C7: GES · öz tüketim (imalat) | D7: P07 | E7: Yeşil Dönüşüm | F7: ✖ | G7: YEK üretim tesisi ayrı belgeyle desteklenir. | H7: YDDP Tebliği | I7: Mevzuat
A8: =B8&"|"&D8 -> T01|P08 | B8: T01 | C8: GES · öz tüketim (imalat) | D8: P08 | E8: VAP | F8: ✖ | G8: YEK elektrik üretimi kapsam dışı. | H8: VAP UE m.6/7-ğ | I8: Mevzuat
A9: =B9&"|"&D9 -> T01|P09 | B9: T01 | C9: GES · öz tüketim (imalat) | D9: P09 | E9: EPS | F9: ✖ | G9: YEK elektrik üretimi kapsam dışı. | H9: EPS UE m.6/3-g | I9: Mevzuat
A10: =B10&"|"&D10 -> T01|P10 | B10: T01 | C10: GES · öz tüketim (imalat) | D10: P10 | E10: EKA | F10: ◐ | G10: Tamamlayıcı: karbon/enerji yoğunluğunu düşürürse performans desteği. | H10: EKA UE m.1 | I10: Yorum
A11: =B11&"|"&D11 -> T01|P11 | B11: T01 | C11: GES · öz tüketim (imalat) | D11: P11 | E11: KOSGEB YSDP | F11: ◐ | G11: KOBİ ise GES bileşeni (14 mn TL, %60, geri ödemeli); çağrı teyit. | H11: KOSGEB YSDP | I11: Duyuru
A12: =B12&"|"&D12 -> T01|P16 | B12: T01 | C12: GES · öz tüketim (imalat) | D12: P16 | E12: Lisanssız | F12: ✔ | G12: (h) bendi: sözleşme gücünün 2 katına kadar; saatlik mahsuplaşma. | H12: LÜY m.5/1-h, m.26 | I12: Mevzuat
A13: =B13&"|"&D13 -> T02|P04 | B13: T02 | C13: GES · öz tüketim (ticari/hizmet, diğer) | D13: P04 | E13: 9903 Öncelikli | F13: ✖ | G13: Öncelikli (e) yalnız imalat sanayii için. | H13: 9903 m.9/1-e | I13: Mevzuat
A14: =B14&"|"&D14 -> T02|P05 | B14: T02 | C14: GES · öz tüketim (ticari/hizmet, diğer) | D14: P05 | E14: 9903 Hedef | F14: ◐ | G14: EK-3 35.12 (≥ 240 kW); vergi indirimi ve faiz yok. | H14: 9903 EK-3, m.10/2-3 | I14: Mevzuat
A15: =B15&"|"&D15 -> T02|P08 | B15: T02 | C15: GES · öz tüketim (ticari/hizmet, diğer) | D15: P08 | E15: VAP | F15: ✖ | G15: YEK elektrik üretimi kapsam dışı. | H15: VAP UE m.6/7-ğ | I15: Mevzuat
A16: =B16&"|"&D16 -> T02|P10 | B16: T02 | C16: GES · öz tüketim (ticari/hizmet, diğer) | D16: P10 | E16: EKA | F16: ◐ | G16: Otel, AVM, hastane, ofis için tamamlayıcı. | H16: EKA duyurusu | I16: Yorum
... A84: =B84&"|"&D84 -> T22|P04 | B84: T22 | C84: Yatırımsız iyileştirme (operasyonel) | D84: P04 | E84: 9903 Öncelikli | F84: ✖ | G84: Teşvik belgesi sabit yatırım gerektirir. | H84: 9903 m.5/2 | I84: Mevzuat

Sheet Bölgesel Kurallar
A1: Bölgeye göre değişen kurallar (9903)
A2: İl sayısı İller sayfasından, asgari tutar Parasal Eşikler 2026 sayfasından formülle gelir.
A4: Bölge | B4: İl sayısı | C4: Asgari sabit yatırım 2026 (TL) | D4: SGK işveren desteği süresi (yıl) | E4: SGK işveren desteği oranı | F4: Sigorta primi işçi hissesi | G4: Hedef yatırımda faiz | H4: Alt bölge etkisi (m.22) | I4: Not | J4: Dayanak
A5: 1 | B5: =COUNTIF(İller!$C$5:$C$85,A5) -> 8 | C5: =IF(A5<=2,'Parasal Eşikler 2026'!$G$7,'Parasal Eşikler 2026'!$G$8) -> 15100000 | D5: 0 | E5: — | F5: Hayır | G5: Hayır | H5: OSB/endüstri bölgesi veya EK-5 ilçesi: bir alt bölgenin SGK süresi; ikisi birden: iki alt bölge. 6. bölgede +2 yıl. | I5: SGK işveren hissesi desteği yok (TYKH'de 8 yıl). | J5: 9903 m.18, m.19, m.22, m.10/3
A6: 2 | B6: =COUNTIF(İller!$C$5:$C$85,A6) -> 13 | C6: =IF(A6<=2,'Parasal Eşikler 2026'!$G$7,'Parasal Eşikler 2026'!$G$8) -> 15100000 | D6: 1 | E6: %50 | F6: Hayır | G6: Hayır | H6: OSB/endüstri bölgesi veya EK-5 ilçesi: bir alt bölgenin SGK süresi; ikisi birden: iki alt bölge. 6. bölgede +2 yıl. | J6: 9903 m.18, m.19, m.22, m.10/3
A7: 3 | B7: =COUNTIF(İller!$C$5:$C$85,A7) -> 17 | C7: =IF(A7<=2,'Parasal Eşikler 2026'!$G$7,'Parasal Eşikler 2026'!$G$8) -> 7500000 | D7: 2 | E7: %50 | F7: Hayır | G7: Hayır | H7: OSB/endüstri bölgesi veya EK-5 ilçesi: bir alt bölgenin SGK süresi; ikisi birden: iki alt bölge. 6. bölgede +2 yıl. | J7: 9903 m.18, m.19, m.22, m.10/3
A8: 4 | B8: =COUNTIF(İller!$C$5:$C$85,A8) -> 11 | C8: =IF(A8<=2,'Parasal Eşikler 2026'!$G$7,'Parasal Eşikler 2026'!$G$8) -> 7500000 | D8: 4 | E8: %50 | F8: Hayır | G8: Evet | H8: OSB/endüstri bölgesi veya EK-5 ilçesi: bir alt bölgenin SGK süresi; ikisi birden: iki alt bölge. 6. bölgede +2 yıl. | J8: 9903 m.18, m.19, m.22, m.10/3
A9: 5 | B9: =COUNTIF(İller!$C$5:$C$85,A9) -> 15 | C9: =IF(A9<=2,'Parasal Eşikler 2026'!$G$7,'Parasal Eşikler 2026'!$G$8) -> 7500000 | D9: 8 | E9: %50 | F9: Hayır | G9: Evet | H9: OSB/endüstri bölgesi veya EK-5 ilçesi: bir alt bölgenin SGK süresi; ikisi birden: iki alt bölge. 6. bölgede +2 yıl. | J9: 9903 m.18, m.19, m.22, m.10/3
A10: 6 | B10: =COUNTIF(İller!$C$5:$C$85,A10) -> 17 | C10: =IF(A10<=2,'Parasal Eşikler 2026'!$G$7,'Parasal Eşikler 2026'!$G$8) -> 7500000 | D10: 12 | E10: %100 | F10: Evet (10 yıl) | G10: Evet | H10: OSB/EK-5: bölgedeki süreye +2 yıl. | I10: Müteharrik hariç 6. bölge yatırımları Öncelikli (m.9/1-ç). | J10: 9903 m.18, m.19, m.22, m.10/3
A12: TYKH | D12: 8 (6. bölge 12) | I12: THP, YKH ve Stratejik Hamle'de SGK desteği bölgeden bağımsız 8 yıl (m.18/3).

Sheet İller
A1: İl katmanı · 81 il
A2: Bölge: 9903 EK-2 (RG 30.05.2025). Asgari tutar, SGK süresi ve Hedef faizi formülle gelir. Ajans verisi ka.gov.tr; yerel konular RG 31.01.2026 EK-1.
A4: Plaka | B4: İl | C4: Bölge (EK-2) | D4: Asgari sabit yatırım 2026 (TL) | E4: SGK işveren süresi (yıl) | F4: Hedef yatırımda faiz | G4: İstanbul istisnası | H4: Cazibe EK-1 ili (geçici m.4, OSB imalat → 6. bölge, 31.12.2026) | I4: Deprem ilçeleri (geçici m.3 → 6. bölge, 31.12.2026) | J4: EK-5 alt bölge ilçeleri (SGK) | K4: Yerel yatırım konuları (YKH 2026) | L4: Enerji bağlantılı yerel konu | M4: Kalkınma ajansı | N4: Ajans ofisi / YDO | O4: Telefon | P4: E-posta | Q4: Web | R4: Enerjisa dağıtım bölgesi (LÜY m.37/10) | S4: Etiketler
A5: 1 | B5: Adana | C5: 3 | D5: =IF(C5<=2,'Parasal Eşikler 2026'!$G$7,'Parasal Eşikler 2026'!$G$8) -> 7500000 | E5: =IFERROR(INDEX('Bölgesel Kurallar'!$D$5:$D$10,MATCH(C5,'Bölgesel Kurallar'!$A$5:$A$10,0)),"") -> 2 | F5: =IFERROR(INDEX('Bölgesel Kurallar'!$G$5:$G$10,MATCH(C5,'Bölgesel Kurallar'!$A$5:$A$10,0)),"") -> Hayır | G5: =IF(B5="İstanbul","Hedef'te vergi indirimi yok; Öncelikli (c) ve (j) İstanbul hariç; madencilik desteklenmez","—") -> — | H5: — | I5: — | J5: Aladağ, Feke, İmamoğlu, Karaisalı, Karataş, Pozantı, Saimbeyli, Tufanbeyli, Yumurtalık | K5: 1) Nişasta tabanlı kimyasal türevler ve ileri katma değerli ürünler · 2) Su ürünleri üretimi ve/veya katma değerli işleme · 3) Tarımsal ürün/atıklardan katma değerli ürünler (pamuk hasat atığından biyokömür, kompost dahil) · 4) Temizlik kimyasalları ve yüzey aktif maddeler | L5: Tarımsal ürün/atıklardan katma değerli ürünler (pamuk hasat atığından biyokömür, kompost dahil) | M5: Çukurova Kalkınma Ajansı | N5: Adana Merkez Ofis | O5: +90 322 363 00 39 | P5: — | Q5: https://www.cka.gov.tr/ | R5: Toroslar EDAŞ | S5: Bölge, EK-5, Cazibe, deprem: Mevzuat · YKH: Mevzuat · Ajans: Duyuru · Enerjisa sütunu: Teyit edilecek · Enerji bağlantısı: Yorum
A6: 2 | B6: Adıyaman | C6: 6 | D6: =IF(C6<=2,'Parasal Eşikler 2026'!$G$7,'Parasal Eşikler 2026'!$G$8) -> 7500000 | E6: =IFERROR(INDEX('Bölgesel Kurallar'!$D$5:$D$10,MATCH(C6,'Bölgesel Kurallar'!$A$5:$A$10,0)),"") -> 12 | F6: =IFERROR(INDEX('Bölgesel Kurallar'!$G$5:$G$10,MATCH(C6,'Bölgesel Kurallar'!$A$5:$A$10,0)),"") -> Evet | G6: =IF(B6="İstanbul","Hedef'te vergi indirimi yok; Öncelikli (c) ve (j) İstanbul hariç; madencilik desteklenmez","—") -> — | H6: Evet | I6: Besni, Çelikhan, Gerger, Gölbaşı, Kahta, Merkez, Samsat, Sincik, Tut | J6: — | K6: 1) Asgari 300 büyükbaş entegre et/süt hayvancılığı · 2) Badem işleme ve katma değerli badem mamulleri · 3) Dört yıldız ve üzeri konaklama tesisi · 4) Su ürünleri üretimi ve/veya katma değerli işleme | L6: — | M6: İpek Yolu Kalkınma Ajansı | N6: Adıyaman Yatırım Destek Ofisi | O6: +90 416 213 14 44 | P6: — | Q6: https://www.ika.org.tr/ | R6: — | S6: Bölge, EK-5, Cazibe, deprem: Mevzuat · YKH: Mevzuat · Ajans: Duyuru · Enerjisa sütunu: Teyit edilecek · Enerji bağlantısı: Yorum
A7: 3 | B7: Afyonkarahisar | C7: 4 | D7: =IF(C7<=2,'Parasal Eşikler 2026'!$G$7,'Parasal Eşikler 2026'!$G$8) -> 7500000 | E7: =IFERROR(INDEX('Bölgesel Kurallar'!$D$5:$D$10,MATCH(C7,'Bölgesel Kurallar'!$A$5:$A$10,0)),"") -> 4 | F7: =IFERROR(INDEX('Bölgesel Kurallar'!$G$5:$G$10,MATCH(C7,'Bölgesel Kurallar'!$A$5:$A$10,0)),"") -> Evet | G7: =IF(B7="İstanbul","Hedef'te vergi indirimi yok; Öncelikli (c) ve (j) İstanbul hariç; madencilik desteklenmez","—") -> — | H7: — | I7: — | J7: Bayat, Çobanlar, Evciler, Hocalar, İhsaniye, Kızılören, Sinanpaşa | K7: 1) Asgari 300 baş manda yetiştiriciliği ve/veya manda ürünleri entegre tesis · 2) Jeotermal kaynaklar ile su ürünleri yetiştiriciliği · 3) Kesimhane artıklarından katma değerli ürün · 4) Mermer atıklarından yüksek katma değerli ürün | L7: Jeotermal kaynaklar ile su ürünleri yetiştiriciliği | M7: Zafer Kalkınma Ajansı | N7: Afyonkarahisar Yatırım Destek Ofisi | O7: — | P7: afyonkarahisarydo@zafer.gov.tr | Q7: https://zafer.gov.tr/ | R7: — | S7: Bölge, EK-5, Cazibe, deprem: Mevzuat · YKH: Mevzuat · Ajans: Duyuru · Enerjisa sütunu: Teyit edilecek · Enerji bağlantısı: Yorum
A8: 4 | B8: Ağrı | C8: 6 | D8: =IF(C8<=2,'Parasal Eşikler 2026'!$G$7,'Parasal Eşikler 2026'!$G$8) -> 7500000 | E8: =IFERROR(INDEX('Bölgesel Kurallar'!$D$5:$D$10,MATCH(C8,'Bölgesel Kurallar'!$A$5:$A$10,0)),"") -> 12 | F8: =IFERROR(INDEX('Bölgesel Kurallar'!$G$5:$G$10,MATCH(C8,'Bölgesel Kurallar'!$A$5:$A$10,0)),"") -> Evet | G8: =IF(B8="İstanbul","Hedef'te vergi indirimi yok; Öncelikli (c) ve (j) İstanbul hariç; madencilik desteklenmez","—") -> — | H8: Evet | I8: — | J8: — | K8: 1) Alternatif turizm yatırımları (termal konaklama vb.) · 2) Asgari 1.000 küçükbaş entegre et/süt hayvancılığı · 3) Asgari 15 dekar entegre jeotermal sera tesisi · 4) Asgari 300 büyükbaş entegre et/süt hayvancılığı | L8: Asgari 15 dekar entegre jeotermal sera tesisi | M8: Serhat Kalkınma Ajansı | N8: Ağrı Yatırım Destek Ofisi | O8: — | P8: agriyatirimdestekofisi@serka.gov.tr | Q8: https://www.serka.gov.tr/ | R8: — | S8: Bölge, EK-5, Cazibe, deprem: Mevzuat · YKH: Mevzuat · Ajans: Duyuru · Enerjisa sütunu: Teyit edilecek · Enerji bağlantısı: Yorum
A9: 5 | B9: Amasya | C9: 4 | D9: =IF(C9<=2,'Parasal Eşikler 2026'!$G$7,'Parasal Eşikler 2026'!$G$8) -> 7500000 | E9: =IFERROR(INDEX('Bölgesel Kurallar'!$D$5:$D$10,MATCH(C9,'Bölgesel Kurallar'!$A$5:$A$10,0)),"") -> 4 | F9: =IFERROR(INDEX('Bölgesel Kurallar'!$G$5:$G$10,MATCH(C9,'Bölgesel Kurallar'!$A$5:$A$10,0)),"") -> Evet | G9: =IF(B9="İstanbul","Hedef'te vergi indirimi yok; Öncelikli (c) ve (j) İstanbul hariç; madencilik desteklenmez","—") -> — | H9: — | I9: — | J9: Göynücek, Hamamözü | K9: 1) Asgari 20 dekar entegre jeotermal sera tesisi · 2) Asgari 500 büyükbaş entegre et/süt hayvancılığı · 3) İşlenmiş ve/veya dondurulmuş katma değerli et ürünleri · 4) Yaşlı bakım merkezi | L9: Asgari 20 dekar entegre jeotermal sera tesisi | M9: Orta Karadeniz Kalkınma Ajansı | N9: Amasya Yatırım Destek Ofisi | O9: +90 358 212 69 66 | P9: info@investamasya.com | Q9: https://www.oka.gov.tr/ | R9: — | S9: Bölge, EK-5, Cazibe, deprem: Mevzuat · YKH: Mevzuat · Ajans: Duyuru · Enerjisa sütunu: Teyit edilecek · Enerji bağlantısı: Yorum
A10: 6 | B10: Ankara | C10: 1 | D10: =IF(C10<=2,'Parasal Eşikler 2026'!$G$7,'Parasal Eşikler 2026'!$G$8) -> 15100000 | E10: =IFERROR(INDEX('Bölgesel Kurallar'!$D$5:$D$10,MATCH(C10,'Bölgesel Kurallar'!$A$5:$A$10,0)),"") -> 0 | F10: =IFERROR(INDEX('Bölgesel Kurallar'!$G$5:$G$10,MATCH(C10,'Bölgesel Kurallar'!$A$5:$A$10,0)),"") -> Hayır | G10: =IF(B10="İstanbul","Hedef'te vergi indirimi yok; Öncelikli (c) ve (j) İstanbul hariç; madencilik desteklenmez","—") -> — | H10: — | I10: — | J10: Bala, Çamlıdere, Evren, Güdül, Haymana, Kalecik | K10: 1) Asgari 1.000 baş entegre tiftik keçisi yetiştiriciliği ve ürünleri · 2) Kırsal ilçelerde alternatif turizm yatırımları · 3) Tıbbi cihaz üretimi · 4) Toz metalurjisi, toz metalden ürün ve makine üretimi | L10: — | M10: Ankara Kalkınma Ajansı | N10: Ankara Merkez Ofis | O10: +90 312 310 03 00 | P10: bilgi@ankaraka.org.tr | Q10: https://www.ankaraka.org.tr// | R10: Başkent EDAŞ | S10: Bölge, EK-5, Cazibe, deprem: Mevzuat · YKH: Mevzuat · Ajans: Duyuru · Enerjisa sütunu: Teyit edilecek · Enerji bağlantısı: Yorum
A11: 7 | B11: Antalya | C11: 1 | D11: =IF(C11<=2,'Parasal Eşikler 2026'!$G$7,'Parasal Eşikler 2026'!$G$8) -> 15100000 | E11: =IFERROR(INDEX('Bölgesel Kurallar'!$D$5:$D$10,MATCH(C11,'Bölgesel Kurallar'!$A$5:$A$10,0)),"") -> 0 | F11: =IFERROR(INDEX('Bölgesel Kurallar'!$G$5:$G$10,MATCH(C11,'Bölgesel Kurallar'!$A$5:$A$10,0)),"") -> Hayır | G11: =IF(B11="İstanbul","Hedef'te vergi indirimi yok; Öncelikli (c) ve (j) İstanbul hariç; madencilik desteklenmez","—") -> — | H11: — | I11: — | J11: Akseki, Gündoğmuş, İbradı | K11: 1) Tıbbi ve aromatik bitkilerden katma değerli ürün · 2) Örtüaltı ve dikey tarım yüksek teknolojili ürün ve aksamları (düşük karbonlu ısıtma dahil) · 3) Simgesel mimari ve nitelikli kültür endüstrileri · 4) Spor/sağlık turizmi yatırımları | L11: Örtüaltı ve dikey tarım yüksek teknolojili ürün ve aksamları (düşük karbonlu ısıtma dahil) | M11: Batı Akdeniz Kalkınma Ajansı | N11: Antalya Investment Support Office | O11: +90 242 332 37 37 | P11: antalyaydo@baka.gov.tr | Q11: https://www.baka.gov.tr/ | R11: — | S11: Bölge, EK-5, Cazibe, deprem: Mevzuat · YKH: Mevzuat · Ajans: Duyuru · Enerjisa sütunu: Teyit edilecek · Enerji bağlantısı: Yorum
A12: 8 | B12: Artvin | C12: 4 | D12: =IF(C12<=2,'Parasal Eşikler 2026'!$G$7,'Parasal Eşikler 2026'!$G$8) -> 7500000 | E12: =IFERROR(INDEX('Bölgesel Kurallar'!$D$5:$D$10,MATCH(C12,'Bölgesel Kurallar'!$A$5:$A$10,0)),"") -> 4 | F12: =IFERROR(INDEX('Bölgesel Kurallar'!$G$5:$G$10,MATCH(C12,'Bölgesel Kurallar'!$A$5:$A$10,0)),"") -> Evet | G12: =IF(B12="İstanbul","Hedef'te vergi indirimi yok; Öncelikli (c) ve (j) İstanbul hariç; madencilik desteklenmez","—") -> — | H12: — | I12: — | J12: — | K12: 1) Ağaç ve orman ürünlerinden katma değerli ürün · 2) Doğa temelli turizm yatırımları · 3) Su ürünleri üretimi ve/veya katma değerli işleme · 4) Tıbbi ve aromatik bitkilerden katma değerli ürün | L12: — | M12: Doğu Karadeniz Kalkınma Ajansı | N12: Artvin Yatırım Destek Ofisi | O12: +90 462 455 40 74 | P12: — | Q12: https://www.doka.org.tr/ | R12: — | S12: Bölge, EK-5, Cazibe, deprem: Mevzuat · YKH: Mevzuat · Ajans: Duyuru · Enerjisa sütunu: Teyit edilecek · Enerji bağlantısı: Yorum
A13: 9 | B13: Aydın | C13: 2 | D13: =IF(C13<=2,'Parasal Eşikler 2026'!$G$7,'Parasal Eşikler 2026'!$G$8) -> 15100000 | E13: =IFERROR(INDEX('Bölgesel Kurallar'!$D$5:$D$10,MATCH(C13,'Bölgesel Kurallar'!$A$5:$A$10,0)),"") -> 1 | F13: =IFERROR(INDEX('Bölgesel Kurallar'!$G$5:$G$10,MATCH(C13,'Bölgesel Kurallar'!$A$5:$A$10,0)),"") -> Hayır | G13: =IF(B13="İstanbul","Hedef'te vergi indirimi yok; Öncelikli (c) ve (j) İstanbul hariç; madencilik desteklenmez","—") -> — | H13: — | I13: — | J13: Bozdoğan, Buharkent, Germencik, Karacasu, Karpuzlu, Koçarlı, Köşk, Kuyucak, Sultanhisar, Yenipazar | K13: 1) Akıllı tarım teknolojileri, makine, ekipman ve aksamları · 2) Alternatif turizm yatırımları (termal konaklama vb.) · 3) Tarımsal ürünlerden katma değerli ürün · 4) Yüksek ekonomik değerli endüstriyel süt ürünleri | L13: — | M13: Güney Ege Kalkınma Ajansı | N13: Aydın Yatırım Destek Ofisi | O13: +90 256 211 0 216 | P13: aydin@geka.gov.tr | Q13: https://geka.gov.tr/ | R13: — | S13: Bölge, EK-5, Cazibe, deprem: Mevzuat · YKH: Mevzuat · Ajans: Duyuru · Enerjisa sütunu: Teyit edilecek · Enerji bağlantısı: Yorum
A14: 10 | B14: Balıkesir | C14: 2 | D14: =IF(C14<=2,'Parasal Eşikler 2026'!$G$7,'Parasal Eşikler 2026'!$G$8) -> 15100000 | E14: =IFERROR(INDEX('Bölgesel Kurallar'!$D$5:$D$10,MATCH(C14,'Bölgesel Kurallar'!$A$5:$A$10,0)),"") -> 1 | F14: =IFERROR(INDEX('Bölgesel Kurallar'!$G$5:$G$10,MATCH(C14,'Bölgesel Kurallar'!$A$5:$A$10,0)),"") -> Hayır | G14: =IF(B14="İstanbul","Hedef'te vergi indirimi yok; Öncelikli (c) ve (j) İstanbul hariç; madencilik desteklenmez","—") -> — | H14: — | I14: — | J14: Balya, Dursunbey, Havran, İvrindi, Kepsut, Manyas, Savaştepe, Sındırgı | K14: 1) Asgari 20 dekar entegre jeotermal sera tesisi · 2) Entegre kırmızı et işleme ve katma değerli ürün · 3) Termal turizm konseptli konaklama ve kongre merkezi · 4) Zeytinyağı lisanslı depo | L14: Asgari 20 dekar entegre jeotermal sera tesisi | M14: Güney Marmara Kalkınma Ajansı | N14: Balıkesir Merkez Ofis | O14: +90 266 246 10 00 | P14: — | Q14: https://www.gmka.gov.tr/ | R14: — | S14: Bölge, EK-5, Cazibe, deprem: Mevzuat · YKH: Mevzuat · Ajans: Duyuru · Enerjisa sütunu: Teyit edilecek · Enerji bağlantısı: Yorum
A15: 11 | B15: Bilecik | C15: 3 | D15: =IF(C15<=2,'Parasal Eşikler 2026'!$G$7,'Parasal Eşikler 2026'!$G$8) -> 7500000 | E15: =IFERROR(INDEX('Bölgesel Kurallar'!$D$5:$D$10,MATCH(C15,'Bölgesel Kurallar'!$A$5:$A$10,0)),"") -> 2 | F15: =IFERROR(INDEX('Bölgesel Kurallar'!$G$5:$G$10,MATCH(C15,'Bölgesel Kurallar'!$A$5:$A$10,0)),"") -> Hayır | G15: =IF(B15="İstanbul","Hedef'te vergi indirimi yok; Öncelikli (c) ve (j) İstanbul hariç; madencilik desteklenmez","—") -> — | H15: — | I15: — | J15: Gölpazarı, İnhisar, Pazaryeri, Yenipazar | K15: 1) Asgari 1.000 küçükbaş entegre et/süt hayvancılığı · 2) Mermer atıklarından yüksek katma değerli ürün · 3) Meyve/sebze ve atıklarından katma değerli ürün · 4) Teknik seramik ürünleri (ileri seramik, alümina, zirkonya, silisyum karbür) | L15: — | M15: Bursa Eskişehir Bilecik Kalkınma Ajansı | N15: Bilecik Yatırım Destek Ofisi | O15: — | P15: — | Q15: https://www.bebka.org.tr/ | R15: — | S15: Bölge, EK-5, Cazibe, deprem: Mevzuat · YKH: Mevzuat · Ajans: Duyuru · Enerjisa sütunu: Teyit edilecek · Enerji bağlantısı: Yorum
A16: 12 | B16: Bingöl | C16: 6 | D16: =IF(C16<=2,'Parasal Eşikler 2026'!$G$7,'Parasal Eşikler 2026'!$G$8) -> 7500000 | E16: =IFERROR(INDEX('Bölgesel Kurallar'!$D$5:$D$10,MATCH(C16,'Bölgesel Kurallar'!$A$5:$A$10,0)),"") -> 12 | F16: =IFERROR(INDEX('Bölgesel Kurallar'!$G$5:$G$10,MATCH(C16,'Bölgesel Kurallar'!$A$5:$A$10,0)),"") -> Evet | G16: =IF(B16="İstanbul","Hedef'te vergi indirimi yok; Öncelikli (c) ve (j) İstanbul hariç; madencilik desteklenmez","—") -> — | H16: Evet | I16: — | J16: — | K16: 1) Asgari 300 büyükbaş entegre et/süt hayvancılığı · 2) Dört yıldız ve üzeri termal konaklama tesisi · 3) Entegre bal ve arı ürünleri · 4) Su ürünleri üretimi ve/veya katma değerli işleme | L16: — | M16: Fırat Kalkınma Ajansı | N16: Bingöl Yatırım Destek Ofisi | O16: +90 426 213 57 55 | P16: bingolydo@fka.gov.tr | Q16: https://fka.gov.tr// | R16: — | S16: Bölge, EK-5, Cazibe, deprem: Mevzuat · YKH: Mevzuat · Ajans: Duyuru · Enerjisa sütunu: Teyit edilecek · Enerji bağlantısı: Yorum
... A85: 81 | B85: Düzce | C85: 3 | D85: =IF(C85<=2,'Parasal Eşikler 2026'!$G$7,'Parasal Eşikler 2026'!$G$8) -> 7500000 | E85: =IFERROR(INDEX('Bölgesel Kurallar'!$D$5:$D$10,MATCH(C85,'Bölgesel Kurallar'!$A$5:$A$10,0)),"") -> 2 | F85: =IFERROR(INDEX('Bölgesel Kurallar'!$G$5:$G$10,MATCH(C85,'Bölgesel Kurallar'!$A$5:$A$10,0)),"") -> Hayır | G85: =IF(B85="İstanbul","Hedef'te vergi indirimi yok; Öncelikli (c) ve (j) İstanbul hariç; madencilik desteklenmez","—") -> — | H85: — | I85: — | J85: Cumayeri, Çilimli, Gölyaka, Yığılca | K85: 1) Alternatif turizm yatırımları · 2) Fındık ve fındık atık/yan ürünlerinden katma değerli ürün (aktif karbon dahil) · 3) Otomotiv sektörüne yönelik orta-yüksek ve yüksek teknoloji ürünler (elektrikli araç ürünleri dahil) · 4) Tarımsal ürün ve tıbbi-aromatik bitkilerden katma değerli ürün | L85: Otomotiv sektörüne yönelik orta-yüksek ve yüksek teknoloji ürünler (elektrikli araç ürünleri dahil) | M85: Doğu Marmara Kalkınma Ajansı | N85: Düzce Yatırım Destek Ofisi | O85: — | P85: — | Q85: http://www.marka.org.tr/ | R85: — | S85: Bölge, EK-5, Cazibe, deprem: Mevzuat · YKH: Mevzuat · Ajans: Duyuru · Enerjisa sütunu: Teyit edilecek · Enerji bağlantısı: Yorum

Sheet YKH Konuları
A1: Yerel Kalkınma Hamlesi · 81 il × 4 konu (324)
A2: Yerel Yatırım Konuları Listesi Tebliği EK-1 (RG 31.01.2026/33154). Başlıklar kısaltıldı; tam metin RG'dedir. Bölge ve ajans İller sayfasından formülle gelir.
A4: İl | B4: Bölge | C4: Sıra | D4: Yerel yatırım konusu | E4: Enerji bağlantılı? | F4: Kalkınma ajansı
A5: Adana | B5: =IFERROR(INDEX(İller!$C$5:$C$85,MATCH(A5,İller!$B$5:$B$85,0)),"") -> 3 | C5: 1 | D5: Nişasta tabanlı kimyasal türevler ve ileri katma değerli ürünler | E5: — | F5: =IFERROR(INDEX(İller!$M$5:$M$85,MATCH(A5,İller!$B$5:$B$85,0)),"") -> Çukurova Kalkınma Ajansı
A6: Adana | B6: =IFERROR(INDEX(İller!$C$5:$C$85,MATCH(A6,İller!$B$5:$B$85,0)),"") -> 3 | C6: 2 | D6: Su ürünleri üretimi ve/veya katma değerli işleme | E6: — | F6: =IFERROR(INDEX(İller!$M$5:$M$85,MATCH(A6,İller!$B$5:$B$85,0)),"") -> Çukurova Kalkınma Ajansı
A7: Adana | B7: =IFERROR(INDEX(İller!$C$5:$C$85,MATCH(A7,İller!$B$5:$B$85,0)),"") -> 3 | C7: 3 | D7: Tarımsal ürün/atıklardan katma değerli ürünler (pamuk hasat atığından biyokömür, kompost dahil) | E7: Evet | F7: =IFERROR(INDEX(İller!$M$5:$M$85,MATCH(A7,İller!$B$5:$B$85,0)),"") -> Çukurova Kalkınma Ajansı
A8: Adana | B8: =IFERROR(INDEX(İller!$C$5:$C$85,MATCH(A8,İller!$B$5:$B$85,0)),"") -> 3 | C8: 4 | D8: Temizlik kimyasalları ve yüzey aktif maddeler | E8: — | F8: =IFERROR(INDEX(İller!$M$5:$M$85,MATCH(A8,İller!$B$5:$B$85,0)),"") -> Çukurova Kalkınma Ajansı
A9: Adıyaman | B9: =IFERROR(INDEX(İller!$C$5:$C$85,MATCH(A9,İller!$B$5:$B$85,0)),"") -> 6 | C9: 1 | D9: Asgari 300 büyükbaş entegre et/süt hayvancılığı | E9: — | F9: =IFERROR(INDEX(İller!$M$5:$M$85,MATCH(A9,İller!$B$5:$B$85,0)),"") -> İpek Yolu Kalkınma Ajansı
A10: Adıyaman | B10: =IFERROR(INDEX(İller!$C$5:$C$85,MATCH(A10,İller!$B$5:$B$85,0)),"") -> 6 | C10: 2 | D10: Badem işleme ve katma değerli badem mamulleri | E10: — | F10: =IFERROR(INDEX(İller!$M$5:$M$85,MATCH(A10,İller!$B$5:$B$85,0)),"") -> İpek Yolu Kalkınma Ajansı
A11: Adıyaman | B11: =IFERROR(INDEX(İller!$C$5:$C$85,MATCH(A11,İller!$B$5:$B$85,0)),"") -> 6 | C11: 3 | D11: Dört yıldız ve üzeri konaklama tesisi | E11: — | F11: =IFERROR(INDEX(İller!$M$5:$M$85,MATCH(A11,İller!$B$5:$B$85,0)),"") -> İpek Yolu Kalkınma Ajansı
A12: Adıyaman | B12: =IFERROR(INDEX(İller!$C$5:$C$85,MATCH(A12,İller!$B$5:$B$85,0)),"") -> 6 | C12: 4 | D12: Su ürünleri üretimi ve/veya katma değerli işleme | E12: — | F12: =IFERROR(INDEX(İller!$M$5:$M$85,MATCH(A12,İller!$B$5:$B$85,0)),"") -> İpek Yolu Kalkınma Ajansı
A13: Afyonkarahisar | B13: =IFERROR(INDEX(İller!$C$5:$C$85,MATCH(A13,İller!$B$5:$B$85,0)),"") -> 4 | C13: 1 | D13: Asgari 300 baş manda yetiştiriciliği ve/veya manda ürünleri entegre tesis | E13: — | F13: =IFERROR(INDEX(İller!$M$5:$M$85,MATCH(A13,İller!$B$5:$B$85,0)),"") -> Zafer Kalkınma Ajansı
A14: Afyonkarahisar | B14: =IFERROR(INDEX(İller!$C$5:$C$85,MATCH(A14,İller!$B$5:$B$85,0)),"") -> 4 | C14: 2 | D14: Jeotermal kaynaklar ile su ürünleri yetiştiriciliği | E14: Evet | F14: =IFERROR(INDEX(İller!$M$5:$M$85,MATCH(A14,İller!$B$5:$B$85,0)),"") -> Zafer Kalkınma Ajansı
A15: Afyonkarahisar | B15: =IFERROR(INDEX(İller!$C$5:$C$85,MATCH(A15,İller!$B$5:$B$85,0)),"") -> 4 | C15: 3 | D15: Kesimhane artıklarından katma değerli ürün | E15: — | F15: =IFERROR(INDEX(İller!$M$5:$M$85,MATCH(A15,İller!$B$5:$B$85,0)),"") -> Zafer Kalkınma Ajansı
A16: Afyonkarahisar | B16: =IFERROR(INDEX(İller!$C$5:$C$85,MATCH(A16,İller!$B$5:$B$85,0)),"") -> 4 | C16: 4 | D16: Mermer atıklarından yüksek katma değerli ürün | E16: — | F16: =IFERROR(INDEX(İller!$M$5:$M$85,MATCH(A16,İller!$B$5:$B$85,0)),"") -> Zafer Kalkınma Ajansı
... A328: Düzce | B328: =IFERROR(INDEX(İller!$C$5:$C$85,MATCH(A328,İller!$B$5:$B$85,0)),"") -> 3 | C328: 4 | D328: Tarımsal ürün ve tıbbi-aromatik bitkilerden katma değerli ürün | E328: — | F328: =IFERROR(INDEX(İller!$M$5:$M$85,MATCH(A328,İller!$B$5:$B$85,0)),"") -> Doğu Marmara Kalkınma Ajansı

Sheet Kümülasyon
A1: Hangi destekler birlikte kullanılabilir?
A2: Aynı yatırım veya ekipman için. 'Belirsiz' satırları Teyit Listesi'ndedir.
A4: Destek A | B4: Destek B | C4: Birlikte kullanılabilir mi? | D4: Açıklama | E4: Dayanak | F4: Etiket
A5: 9903 teşviki | B5: VAP | C5: Hayır | D5: Aynı yatırım/ekipman için birlikte kullanılamaz. | E5: 9903 m.33/1; EVY m.17/A-6 | F5: Mevzuat
A6: 9903 teşviki | B6: EPS desteği | C6: Hayır | D6: Aynı proje için kamu desteği alınmamış olmalı. | E6: 9903 m.33/1; EPS UE m.5/4 | F6: Mevzuat
A7: 9903 teşviki | B7: KOSGEB YSDP | C7: Hayır | D7: Aynı yatırım için birlikte kullanılamaz (THP hariç). | E7: 9903 m.33/1-2 | F7: Mevzuat
A8: 9903 teşviki (THP) | B8: KOSGEB / TÜBİTAK | C8: Evet | D8: THP yatırımları KOSGEB/TÜBİTAK tarafından da doğrudan desteklenebilir. | E8: 9903 m.33/2 | F8: Mevzuat
A9: 9903 teşviki | B9: Başka kurumun sübvansiyonlu kredisi | C9: Koşullu | D9: O krediye 9903 faiz/makine desteği verilmez; diğer unsurlar kullanılabilir. | E9: 9903 m.33/1 | F9: Mevzuat
A10: 9903 teşviki | B10: Kalkınma ajansı desteği | C10: Hayır | D10: Aynı yatırım için başka kamu desteği kullanılamaz. | E10: 9903 m.33/1 | F10: Mevzuat + Yorum
A11: 9903 teşviki | B11: YEKDEM | C11: Belirsiz | D11: YEKDEM gelir desteğinin m.33 anlamında 'destek' sayılıp sayılmadığına dair açık hüküm bulunamadı. | E11: 9903 m.33/1 | F11: Yorum
A12: 9903 teşviki | B12: EKA | C12: Belirsiz | D12: EKA gider bazlı; aynı yıl birlikte kullanım için açık hüküm bulunamadı. | E12: — | F12: Yorum
A13: VAP | B13: EPS desteği | C13: Hayır | D13: Aynı proje/ekipman için ikinci kamu desteği yok. | E13: EVY m.17/A-6; EPS UE m.5/4 | F13: Mevzuat
A14: VAP | B14: KOSGEB YSDP | C14: Hayır | D14: Başka kamu desteği alınan ekipmanla VAP'a başvurulamaz. | E14: EVY m.17/A-6; VAP UE m.11/1 | F14: Mevzuat
A15: VAP | B15: EKA | C15: Evet | D15: ETKB iki programı tamamlayıcı olarak konumluyor. | E15: ETKB açıklaması (AA 27.06.2026) | F15: Duyuru
... A20: HIT-30 | B20: Diğer 9903 programları | C20: Belirsiz | D20: HIT-30 proje bazlı paket; aynı yatırımda ayrı belge beklenmez. | E20: HIT-30 teşvikler | F20: Yorum

Sheet Parasal Eşikler 2026
A1: Parasal eşikler 2026
A2: Hesaplanan = baz × (1 + yeniden değerleme oranı). Kullanılacak değer: ilan edilen varsa o, yoksa hesaplanan.
D3: 2025 yeniden değerleme oranı → | E3: 0.2549 | F3: VUK mük. 298; VAP ve EKA 2025→2026 tutarlarıyla birebir doğrulandı (K32).
A4: Kalem | B4: Dayanak | C4: Baz tutar (TL) | D4: 2026 ilan edilen (TL) | E4: Hesaplanan 2026 (TL) | F4: İlan / hesap farkı | G4: Kullanılacak 2026 değeri (TL) | H4: Etiket | I4: Kaynak | J4: Not
A5: Satır 7 ve 8'deki değerler İller ve Bölgesel Kurallar sayfalarında kullanılır.
A7: Asgari sabit yatırım · 1-2. bölge | B7: 9903 m.5/2 | C7: 12000000 | D7: 15100000 | E7: =IF(C7="","",ROUND(C7*(1+$E$3),0)) -> 15058800 | F7: =IF(AND(ISNUMBER(D7),ISNUMBER(E7)),D7/E7-1,"") -> 0.0027359418 | G7: =IF(ISNUMBER(D7),D7,E7) -> 15100000 | H7: Mevzuat + Teyit edilecek | I7: K02, K04
A8: Asgari sabit yatırım · 3-6. bölge | B8: 9903 m.5/2 | C8: 6000000 | D8: 7500000 | E8: =IF(C8="","",ROUND(C8*(1+$E$3),0)) -> 7529400 | F8: =IF(AND(ISNUMBER(D8),ISNUMBER(E8)),D8/E8-1,"") -> -0.0039046936 | G8: =IF(ISNUMBER(D8),D8,E8) -> 7500000 | H8: Mevzuat + Teyit edilecek | I8: K02, K04
A9: Finansal kiralama asgari tutarı | B9: 9903 m.5/3 | C9: 3000000 | D9: 3800000 | E9: =IF(C9="","",ROUND(C9*(1+$E$3),0)) -> 3764700 | F9: =IF(AND(ISNUMBER(D9),ISNUMBER(E9)),D9/E9-1,"") -> 0.0093765772 | G9: =IF(ISNUMBER(D9),D9,E9) -> 3800000 | H9: Mevzuat + Teyit edilecek | I9: K02, K04
A10: Stratejik Hamle asgari · yüksek teknoloji | B10: 9903 m.8/2 | C10: 100000000 | D10: 125000000 | E10: =IF(C10="","",ROUND(C10*(1+$E$3),0)) -> 125490000 | F10: =IF(AND(ISNUMBER(D10),ISNUMBER(E10)),D10/E10-1,"") -> -0.0039046936 | G10: =IF(ISNUMBER(D10),D10,E10) -> 125000000 | H10: Mevzuat + Teyit edilecek | I10: K02, K04
A11: Stratejik Hamle asgari · diğer | B11: 9903 m.8/2 | C11: 200000000 | E11: =IF(C11="","",ROUND(C11*(1+$E$3),0)) -> 250980000 | F11: =IF(AND(ISNUMBER(D11),ISNUMBER(E11)),D11/E11-1,"") | G11: =IF(ISNUMBER(D11),D11,E11) -> 250980000 | H11: Mevzuat + Hesaplanan | I11: K02 | J11: 2026 tutarı ilanda görülmedi; hesaplanan.
A12: Yeşil/dijital dönüşüm → Stratejik eşiği | B12: 9903 m.8/8 | C12: 50000000 | D12: 62700000 | E12: =IF(C12="","",ROUND(C12*(1+$E$3),0)) -> 62745000 | F12: =IF(AND(ISNUMBER(D12),ISNUMBER(E12)),D12/E12-1,"") -> -0.00071718862 | G12: =IF(ISNUMBER(D12),D12,E12) -> 62700000 | H12: Mevzuat + Teyit edilecek | I12: K02, K04
A13: Öncelikli · yüksek teknoloji asgari | B13: 9903 m.9/1-b | C13: 500000000 | D13: 627000000 | E13: =IF(C13="","",ROUND(C13*(1+$E$3),0)) -> 627450000 | F13: =IF(AND(ISNUMBER(D13),ISNUMBER(E13)),D13/E13-1,"") -> -0.00071718862 | G13: =IF(ISNUMBER(D13),D13,E13) -> 627000000 | H13: Mevzuat + Teyit edilecek | I13: K02, K04
A14: Öncelikli · orta-yüksek teknoloji asgari | B14: 9903 m.9/1-c | C14: 1000000000 | D14: 1255000000 | E14: =IF(C14="","",ROUND(C14*(1+$E$3),0)) -> 1254900000 | F14: =IF(AND(ISNUMBER(D14),ISNUMBER(E14)),D14/E14-1,"") -> 7.9687625e-05 | G14: =IF(ISNUMBER(D14),D14,E14) -> 1255000000 | H14: Mevzuat + Teyit edilecek | I14: K02, K04
A15: Öncelikli · LNG / yer altı gaz depolama asgari | B15: 9903 m.9/1-ğ | C15: 500000000 | E15: =IF(C15="","",ROUND(C15*(1+$E$3),0)) -> 627450000 | F15: =IF(AND(ISNUMBER(D15),ISNUMBER(E15)),D15/E15-1,"") | G15: =IF(ISNUMBER(D15),D15,E15) -> 627450000 | H15: Mevzuat + Hesaplanan | I15: K02
A16: Faiz desteği üst sınırı · THP/YKH | B16: 9903 m.15/3-a | C16: 240000000 | D16: 301000000 | E16: =IF(C16="","",ROUND(C16*(1+$E$3),0)) -> 301176000 | F16: =IF(AND(ISNUMBER(D16),ISNUMBER(E16)),D16/E16-1,"") -> -0.00058437591 | G16: =IF(ISNUMBER(D16),D16,E16) -> 301000000 | H16: Mevzuat + Teyit edilecek | I16: K02, K04
A17: Faiz desteği üst sınırı · Stratejik | B17: 9903 m.15/3-b | C17: 180000000 | D17: 226000000 | E17: =IF(C17="","",ROUND(C17*(1+$E$3),0)) -> 225882000 | F17: =IF(AND(ISNUMBER(D17),ISNUMBER(E17)),D17/E17-1,"") -> 0.00052239665 | G17: =IF(ISNUMBER(D17),D17,E17) -> 226000000 | H17: Mevzuat + Teyit edilecek | I17: K02, K04
A18: Faiz desteği üst sınırı · Öncelikli | B18: 9903 m.15/3-c | C18: 24000000 | D18: 30100000 | E18: =IF(C18="","",ROUND(C18*(1+$E$3),0)) -> 30117600 | F18: =IF(AND(ISNUMBER(D18),ISNUMBER(E18)),D18/E18-1,"") -> -0.00058437591 | G18: =IF(ISNUMBER(D18),D18,E18) -> 30100000 | H18: Mevzuat + Teyit edilecek | I18: K02, K04
A19: Faiz desteği üst sınırı · Hedef | B19: 9903 m.15/3-ç | C19: 12000000 | E19: =IF(C19="","",ROUND(C19*(1+$E$3),0)) -> 15058800 | F19: =IF(AND(ISNUMBER(D19),ISNUMBER(E19)),D19/E19-1,"") | G19: =IF(ISNUMBER(D19),D19,E19) -> 15058800 | H19: Mevzuat + Hesaplanan | I19: K02
A20: Makine desteği birim fiyat alt sınırı | B20: 9903 m.16/1 | C20: 2000000 | D20: 2500000 | E20: =IF(C20="","",ROUND(C20*(1+$E$3),0)) -> 2509800 | F20: =IF(AND(ISNUMBER(D20),ISNUMBER(E20)),D20/E20-1,"") -> -0.0039046936 | G20: =IF(ISNUMBER(D20),D20,E20) -> 2500000 | H20: Mevzuat + Teyit edilecek | I20: K02, K04
A21: Makine desteği üst sınırı · THP/YKH | B21: 9903 m.16/2-a | C21: 240000000 | E21: =IF(C21="","",ROUND(C21*(1+$E$3),0)) -> 301176000 | F21: =IF(AND(ISNUMBER(D21),ISNUMBER(E21)),D21/E21-1,"") | G21: =IF(ISNUMBER(D21),D21,E21) -> 301176000 | H21: Mevzuat + Hesaplanan | I21: K02
A22: Makine desteği üst sınırı · Stratejik | B22: 9903 m.16/2-b | C22: 180000000 | E22: =IF(C22="","",ROUND(C22*(1+$E$3),0)) -> 225882000 | F22: =IF(AND(ISNUMBER(D22),ISNUMBER(E22)),D22/E22-1,"") | G22: =IF(ISNUMBER(D22),D22,E22) -> 225882000 | H22: Mevzuat + Hesaplanan | I22: K02
A23: VAP hibe üst sınırı (2025 → 2026) | B23: EVY m.16/2, m.16/4 | C23: 21589500 | D23: 27092663 | E23: =IF(C23="","",ROUND(C23*(1+$E$3),0)) -> 27092664 | F23: =IF(AND(ISNUMBER(D23),ISNUMBER(E23)),D23/E23-1,"") -> -3.6910361e-08 | G23: =IF(ISNUMBER(D23),D23,E23) -> 27092663 | H23: Mevzuat + Duyuru | I23: K09, K12 | J23: Baz: 2025 ilan tutarı (15 mn TL'nin 2025 değeri).
A24: EKA hibe üst sınırı (2025 → 2026) | B24: EVY m.16/3, m.16/4 | C24: 14393000 | D24: 18061775 | E24: =IF(C24="","",ROUND(C24*(1+$E$3),0)) -> 18061776 | F24: =IF(AND(ISNUMBER(D24),ISNUMBER(E24)),D24/E24-1,"") -> -5.5365541e-08 | G24: =IF(ISNUMBER(D24),D24,E24) -> 18061775 | H24: Mevzuat + Duyuru | I24: K09, K14 | J24: Baz: 2025 ilan tutarı (10 mn TL'nin 2025 değeri).
A25: VAP asgari proje bedeli (01.07.2026'dan) | B25: ETKB duyurusu | D25: 5000000 | F25: =IF(AND(ISNUMBER(D25),ISNUMBER(E25)),D25/E25-1,"") | G25: =IF(ISNUMBER(D25),D25,E25) -> 5000000 | H25: Duyuru | I25: K11
A26: VAP · mühendis hazırlarsa azami proje bedeli | B26: ETKB duyurusu | D26: 15000000 | F26: =IF(AND(ISNUMBER(D26),ISNUMBER(E26)),D26/E26-1,"") | G26: =IF(ISNUMBER(D26),D26,E26) -> 15000000 | H26: Duyuru | I26: K11
A27: EPS asgari yatırım bedeli | B27: ETKB EPS duyurusu | D27: 5000000 | F27: =IF(AND(ISNUMBER(D27),ISNUMBER(E27)),D27/E27-1,"") | G27: =IF(ISNUMBER(D27),D27,E27) -> 5000000 | H27: Duyuru | I27: K17
A28: VAP denetim bedeli · uygulama öncesi (+KDV) | B28: 2026 denetim bedelleri | D28: 60000 | F28: =IF(AND(ISNUMBER(D28),ISNUMBER(E28)),D28/E28-1,"") | G28: =IF(ISNUMBER(D28),D28,E28) -> 60000 | H28: Duyuru | I28: K13
A29: VAP denetim bedeli · uygulama sonrası (+KDV) | B29: 2026 denetim bedelleri | D29: 95000 | F29: =IF(AND(ISNUMBER(D29),ISNUMBER(E29)),D29/E29-1,"") | G29: =IF(ISNUMBER(D29),D29,E29) -> 95000 | H29: Duyuru | I29: K13
A30: KOSGEB YSDP · GES üst limiti | B30: KOSGEB YSDP | D30: 14000000 | F30: =IF(AND(ISNUMBER(D30),ISNUMBER(E30)),D30/E30-1,"") | G30: =IF(ISNUMBER(D30),D30,E30) -> 14000000 | H30: Duyuru | I30: K26
A31: KOSGEB YSDP · temiz ve döngüsel üst limiti | B31: KOSGEB YSDP | D31: 4000000 | F31: =IF(AND(ISNUMBER(D31),ISNUMBER(E31)),D31/E31-1,"") | G31: =IF(ISNUMBER(D31),D31,E31) -> 4000000 | H31: Duyuru | I31: K26

Sheet YEKDEM Fiyatları
A1: YEKDEM · 7189 sayılı CBK EK-1 (baz fiyatlar)
A2: RG 01.05.2023/32177. 01.07.2021-31.12.2030 arasında işletmeye giren YEK belgeli tesisler. Fiyatlar aylık güncellenir; bu tablo baz değerdir.
A4: Kaynak tipi | B4: Uygulama fiyatı (TL kuruş/kWh) | C4: Uygulama fiyatı (TL/kWh) | D4: Süre (yıl) | E4: Taban (USD cent/kWh) | F4: Tavan (USD cent/kWh) | G4: Yerli katkı (TL kuruş/kWh) | H4: Yerli katkı süresi (yıl) | I4: 10 yılı dolan lisanssız: %90 fiyat (kuruş, baz) | J4: Not
A5: Hidroelektrik – rezervuarlı (rezervuar alanı 1–15 km²) | B5: 144 | C5: =B5/100 -> 1.44 | D5: 10 | E5: 6.75 | F5: 8.25 | G5: 28.8 | H5: 5 | I5: =ROUND(B5*0.9,2) -> 129.6
A6: Hidroelektrik – nehir tipi | B6: 135 | C6: =B6/100 -> 1.35 | D6: 10 | E6: 6.3 | F6: 7.7 | G6: 28.8 | H6: 5 | I6: =ROUND(B6*0.9,2) -> 121.5
A7: Rüzgâr – karasal | B7: 106 | C7: =B7/100 -> 1.06 | D7: 10 | E7: 4.95 | F7: 6.05 | G7: 28.8 | H7: 5 | I7: =ROUND(B7*0.9,2) -> 95.4
A8: Rüzgâr – deniz üstü | B8: 144 | C8: =B8/100 -> 1.44 | D8: 10 | E8: 6.75 | F8: 8.25 | G8: 38.45 | H8: 5 | I8: =ROUND(B8*0.9,2) -> 129.6
A9: Jeotermal | B9: 202 | C9: =B9/100 -> 2.02 | D9: 15 | E9: 9.45 | F9: 11.55 | G9: 28.8 | H9: 5 | I9: =ROUND(B9*0.9,2) -> 181.8
A10: Biyokütle – çöp gazı / atık lastik işleme yan ürünleri | B10: 106 | C10: =B10/100 -> 1.06 | D10: 10 | E10: 4.95 | F10: 6.05 | G10: 28.8 | H10: 5 | I10: =ROUND(B10*0.9,2) -> 95.4
A11: Biyokütle – biyometanizasyon | B11: 173 | C11: =B11/100 -> 1.73 | D11: 10 | E11: 8.1 | F11: 9.9 | G11: 28.8 | H11: 5 | I11: =ROUND(B11*0.9,2) -> 155.7
A12: Biyokütle – termal bertaraf | B12: 134.9 | C12: =B12/100 -> 1.349 | D12: 10 | E12: 5.75 | F12: 8 | G12: 21.58 | H12: 5 | I12: =ROUND(B12*0.9,2) -> 121.41 | J12: Yalnız Karar yayımına (01.05.2023) kadar önlisans alan tesisler
A13: Güneş | B13: 106 | C13: =B13/100 -> 1.06 | D13: 10 | E13: 4.95 | F13: 6.05 | G13: 28.8 | H13: 5 | I13: =ROUND(B13*0.9,2) -> 95.4
A14: Rüzgâr/güneş + bütünleşik depolama (depodan verilen enerji) | B14: 125 | C14: =B14/100 -> 1.25 | D14: 10 | E14: 5.85 | F14: 7.15 | G14: 38.45 | H14: 10 | I14: =ROUND(B14*0.9,2) -> 112.5 | J14: Şebekeden çekilip depolanan enerjiye uygulanmaz
A15: Pompaj depolamalı hidroelektrik | B15: 202 | C15: =B15/100 -> 2.02 | D15: 15 | E15: 9.45 | F15: 11.55 | G15: 38.45 | H15: 10 | I15: =ROUND(B15*0.9,2) -> 181.8 | J15: Usul ve esaslar Bakanlıkça
A16: Dalga / akıntı | B16: 135 | C16: =B16/100 -> 1.35 | D16: 10 | E16: 6.3 | F16: 7.7 | G16: 38.45 | H16: 10 | I16: =ROUND(B16*0.9,2) -> 121.5
A18: Güncelleme formülü | B18: Fiyatlar aylık güncellenir: %25 ÜFE + %15 TÜFE + %30 USD + %30 EUR ağırlıklı formül (EK-2); USD karşılığı taban–tavan bandında tutulur. 1/7/2021–yayım arası için geriye dönük fark ödenmez (m.1/2).
A19: 10 yıl sonrası (lisanssız) | B19: 11415 sayılı CBK (RG 13.06.2026): 10 yılı dolan lisanssız YEK tesisinde ihtiyaç fazlası, aynı tip lisanslı tesisin güncel YEKDEM fiyatının %90'ından görevli tedarik şirketince alınır; saatlik PTF'yi aşamaz. I sütunu baz fiyat üzerinden örnektir; güncel aylık fiyatla hesaplanmalıdır.
A20: Etiket | B20: Mevzuat | C20: Kaynak: K19, K20

Sheet Gümrük (EK-4)
A1: 9903 EK-4 · gümrük muafiyetinden yararlanamayan makineler (enerji ile ilgili olanlar)
A2: EK-4 toplam 233 kalem; burada enerji yatırımlarını ilgilendirenler ve listede olmadığı doğrulanan başlıca kalemler var. EK-4 makineleri muafiyetsiz ithal edilip SYT'ye dahil edilebilir (m.13/2).
A4: GTİP | B4: Tanım | C4: Gümrük muafiyeti | D4: Enerji bağlantısı | E4: Dayanak
A5: 7308.20.00.00.00 | B5: Demir veya çelikten kuleler ve pilonlar | C5: Muafiyet yok | D5: RES kuleleri, iletim pilonları | E5: 9903 EK-4 (1)
A6: 8414.40.90.00.12 | B6: Çekilebilir pistonlu hava kompresörleri (> 2 m³/dk) | C6: Muafiyet yok | D6: Basınçlı hava | E6: 9903 EK-4 (4)
A7: 8414.80.19.90.00 | B7: Çok kademeli turbo kompresörler | C7: Muafiyet yok | D7: Basınçlı hava verimliliği | E7: 9903 EK-4 (5)
A8: 8414.80.22.90.11 / 8414.80.28.90.00 / 8414.80.59.90.00 | B8: Pistonlu kompresörler | C8: Muafiyet yok | D8: Basınçlı hava verimliliği | E8: 9903 EK-4 (6-8)
A9: 8414.80.73.90.00 / 8414.80.75.90.00 | B9: Döner (tek ve çok şaftlı, vidalı) kompresörler | C9: Muafiyet yok | D9: Basınçlı hava verimliliği | E9: 9903 EK-4 (9-10)
A10: 8415.82.00.90.00 / 8415.83.00.90.00 | B10: Soğutma ünitesi içeren / içermeyen diğer klima cihazları | C10: Muafiyet yok | D10: HVAC (tersinir ısı pompalı 8415.81 listede yok) | E10: 9903 EK-4 (11-12)
A11: 8417.10.00.00.12 / 8417.20.10.00.00 / 8417.20.90.00.00 | B11: Elektrikli olmayan ısıl işlem ve tünel fırınlar | C11: Muafiyet yok | D11: Fırın yenileme (elektrikli fırınlar listede yok) | E11: 9903 EK-4 (13-15)
A12: 8419.35 / 8419.39 | B12: Kurutma cihazları (ağaç, kâğıt vb.; diğer) | C12: Muafiyet yok | D12: Proses ısısı | E12: 9903 EK-4 (16-17)
A13: 8503.00.98.90.19 | B13: 85.01-85.02 makineleri için diğer aksam ve parçalar (döküm hariç) | C13: Muafiyet yok | D13: Motor/jeneratör parçaları | E13: 9903 EK-4 (112)
A14: 8507.60.00.00.01 … .40 | B14: Lityum iyon akümülatörler (silindirik, prizmatik LFP, pouch, diğer) | C14: Muafiyet yok | D14: BESS bataryaları | E14: 9903 EK-4 (113-120)
A15: 8514.19.80.00.11 | B15: Sanayide rezistansla ısıtılan diğer ocak ve fırınlar | C15: Muafiyet yok | D15: Elektrifikasyon | E15: 9903 EK-4 (121)
... A20: 8402 / 8403 | B20: Buhar ve sıcak su kazanları | C20: Listede yok → muafiyet uygulanabilir | D20: Kazan yenileme | E20: 9903 EK-4 (kontrol)

Sheet Takvim ve Çağrılar
A1: Takvim ve açık çağrılar
A2: Durum sütunu TODAY() ile her açılışta yeniden hesaplanır.
A4: Başlangıç | B4: Bitiş | C4: Olay | D4: Program | E4: Durum (bugüne göre) | F4: Etiket | G4: Kaynak
A5: 46083 | B5: 46157 | C5: Yerel Kalkınma Hamlesi 2026 başvuru dönemi | D5: =IFERROR(INDEX(Programlar!$B$5:$B$22,MATCH("P02",Programlar!$A$5:$A$22,0)),"P02") -> 9903 · Yerel Kalkınma Hamlesi Programı (YKH) | E5: =IF(B5<TODAY(),"Geçti",IF(A5>TODAY(),IF(A5-TODAY()<=30,"Yaklaşıyor · "&(A5-TODAY())&" gün","İleri tarih"),"Açık · "&(B5-TODAY())&" gün kaldı")) -> Geçti | F5: Teyit edilecek | G5: K31
A6: 46143 | B6: 46143 | C6: Lisanssız üretimde saatlik mahsuplaşmanın piyasa işletmecisine geçtiği hüküm yürürlükte | D6: =IFERROR(INDEX(Programlar!$B$5:$B$22,MATCH("P16",Programlar!$A$5:$A$22,0)),"P16") -> Lisanssız üretim (öz tüketim, mahsuplaşma, ihtiyaç fazlası) | E6: =IF(B6<TODAY(),"Geçti",IF(A6>TODAY(),IF(A6-TODAY()<=30,"Yaklaşıyor · "&(A6-TODAY())&" gün","İleri tarih"),"Açık · "&(B6-TODAY())&" gün kaldı")) -> Geçti | F6: Mevzuat | G6: K18
A7: 46186 | B7: 46186 | C7: 10 yılı dolan lisanssız tesislerde ihtiyaç fazlası fiyatı (11415 sayılı CBK) | D7: =IFERROR(INDEX(Programlar!$B$5:$B$22,MATCH("P16",Programlar!$A$5:$A$22,0)),"P16") -> Lisanssız üretim (öz tüketim, mahsuplaşma, ihtiyaç fazlası) | E7: =IF(B7<TODAY(),"Geçti",IF(A7>TODAY(),IF(A7-TODAY()<=30,"Yaklaşıyor · "&(A7-TODAY())&" gün","İleri tarih"),"Açık · "&(B7-TODAY())&" gün kaldı")) -> Geçti | F7: Mevzuat | G7: K20
A8: 46204 | B8: 46204 | C8: VAP'ta yalnız 5 mn TL üzeri projeler kabul ediliyor | D8: =IFERROR(INDEX(Programlar!$B$5:$B$22,MATCH("P08",Programlar!$A$5:$A$22,0)),"P08") -> Verimlilik Artırıcı Proje (VAP) Desteği | E8: =IF(B8<TODAY(),"Geçti",IF(A8>TODAY(),IF(A8-TODAY()<=30,"Yaklaşıyor · "&(A8-TODAY())&" gün","İleri tarih"),"Açık · "&(B8-TODAY())&" gün kaldı")) -> Geçti | F8: Duyuru | G8: K11
A9: 46204 | B9: 46295 | C9: EKA 2026 başvuru dönemi | D9: =IFERROR(INDEX(Programlar!$B$5:$B$22,MATCH("P10",Programlar!$A$5:$A$22,0)),"P10") -> Enerji ve Karbon Azaltım (EKA) Desteği | E9: =IF(B9<TODAY(),"Geçti",IF(A9>TODAY(),IF(A9-TODAY()<=30,"Yaklaşıyor · "&(A9-TODAY())&" gün","İleri tarih"),"Açık · "&(B9-TODAY())&" gün kaldı")) -> Açık · 4 gün kaldı | F9: Duyuru | G9: K14
A10: 46214 | B10: 46214 | C10: YEKA GES-2026 ve RES-2026 ilanı | D10: =IFERROR(INDEX(Programlar!$B$5:$B$22,MATCH("P17",Programlar!$A$5:$A$22,0)),"P17") -> YEKA 2026 (GES-2026, RES-2026 yarışmaları) | E10: =IF(B10<TODAY(),"Geçti",IF(A10>TODAY(),IF(A10-TODAY()<=30,"Yaklaşıyor · "&(A10-TODAY())&" gün","İleri tarih"),"Açık · "&(B10-TODAY())&" gün kaldı")) -> Geçti | F10: Mevzuat | G10: K21
A11: 46307 | B11: 46307 | C11: TÜBİTAK 1832 2026-2 çağrısı kapanış | D11: =IFERROR(INDEX(Programlar!$B$5:$B$22,MATCH("P13",Programlar!$A$5:$A$22,0)),"P13") -> TÜBİTAK 1832 Sanayide Yeşil Dönüşüm (Ar-Ge) | E11: =IF(B11<TODAY(),"Geçti",IF(A11>TODAY(),IF(A11-TODAY()<=30,"Yaklaşıyor · "&(A11-TODAY())&" gün","İleri tarih"),"Açık · "&(B11-TODAY())&" gün kaldı")) -> Yaklaşıyor · 16 gün | F11: Duyuru | G11: K29
A12: 46308 | B12: 46308 | C12: YEKA 2026 yarışma başvurusu | D12: =IFERROR(INDEX(Programlar!$B$5:$B$22,MATCH("P17",Programlar!$A$5:$A$22,0)),"P17") -> YEKA 2026 (GES-2026, RES-2026 yarışmaları) | E12: =IF(B12<TODAY(),"Geçti",IF(A12>TODAY(),IF(A12-TODAY()<=30,"Yaklaşıyor · "&(A12-TODAY())&" gün","İleri tarih"),"Açık · "&(B12-TODAY())&" gün kaldı")) -> Yaklaşıyor · 17 gün | F12: Duyuru | G12: K23
A13: 46387 | B13: 46387 | C13: Deprem ilçeleri ve Cazibe OSB'lerinde 6. bölge desteği için son müracaat | D13: =IFERROR(INDEX(Programlar!$B$5:$B$22,MATCH("P06",Programlar!$A$5:$A$22,0)),"P06") -> 9903 · Bölgesel teşvikler (SGK desteği) | E13: =IF(B13<TODAY(),"Geçti",IF(A13>TODAY(),IF(A13-TODAY()<=30,"Yaklaşıyor · "&(A13-TODAY())&" gün","İleri tarih"),"Açık · "&(B13-TODAY())&" gün kaldı")) -> İleri tarih | F13: Mevzuat | G13: K02
A14: 46388 | B14: 46388 | C14: VAP oranı: etüt kapsamında %30, etüt dışı %25 | D14: =IFERROR(INDEX(Programlar!$B$5:$B$22,MATCH("P08",Programlar!$A$5:$A$22,0)),"P08") -> Verimlilik Artırıcı Proje (VAP) Desteği | E14: =IF(B14<TODAY(),"Geçti",IF(A14>TODAY(),IF(A14-TODAY()<=30,"Yaklaşıyor · "&(A14-TODAY())&" gün","İleri tarih"),"Açık · "&(B14-TODAY())&" gün kaldı")) -> İleri tarih | F14: Duyuru | G14: K11
A15: 46388 | B15: 46388 | C15: TL tutarların yeniden değerleme ile güncellenmesi | D15: =IFERROR(INDEX(Programlar!$B$5:$B$22,MATCH("P01",Programlar!$A$5:$A$22,0)),"P01") -> 9903 · Teknoloji Hamlesi Programı (THP) | E15: =IF(B15<TODAY(),"Geçti",IF(A15>TODAY(),IF(A15-TODAY()<=30,"Yaklaşıyor · "&(A15-TODAY())&" gün","İleri tarih"),"Açık · "&(B15-TODAY())&" gün kaldı")) -> İleri tarih | F15: Mevzuat | G15: K02, K09
A16: 46599 | B16: 46599 | C16: EKA izleme dosyası son teslim; ödemeler Temmuz 2027'den itibaren | D16: =IFERROR(INDEX(Programlar!$B$5:$B$22,MATCH("P10",Programlar!$A$5:$A$22,0)),"P10") -> Enerji ve Karbon Azaltım (EKA) Desteği | E16: =IF(B16<TODAY(),"Geçti",IF(A16>TODAY(),IF(A16-TODAY()<=30,"Yaklaşıyor · "&(A16-TODAY())&" gün","İleri tarih"),"Açık · "&(B16-TODAY())&" gün kaldı")) -> İleri tarih | F16: Mevzuat | G16: K15
A17: 47118 | B17: 47118 | C17: 2012/3305 belgelerinde uzatılan SGK desteklerinin sonu | D17: =IFERROR(INDEX(Programlar!$B$5:$B$22,MATCH("P06",Programlar!$A$5:$A$22,0)),"P06") -> 9903 · Bölgesel teşvikler (SGK desteği) | E17: =IF(B17<TODAY(),"Geçti",IF(A17>TODAY(),IF(A17-TODAY()<=30,"Yaklaşıyor · "&(A17-TODAY())&" gün","İleri tarih"),"Açık · "&(B17-TODAY())&" gün kaldı")) -> İleri tarih | F17: Mevzuat | G17: K02
A18: 47848 | B18: 47848 | C18: 9903 teşvik belgesi müracaatlarının son günü | D18: =IFERROR(INDEX(Programlar!$B$5:$B$22,MATCH("P04",Programlar!$A$5:$A$22,0)),"P04") -> 9903 · Öncelikli Yatırımlar Teşvik Sistemi | E18: =IF(B18<TODAY(),"Geçti",IF(A18>TODAY(),IF(A18-TODAY()<=30,"Yaklaşıyor · "&(A18-TODAY())&" gün","İleri tarih"),"Açık · "&(B18-TODAY())&" gün kaldı")) -> İleri tarih | F18: Mevzuat | G18: K02
A19: 47848 | B19: 47848 | C19: YEKDEM (7189) kapsamı için işletmeye giriş son günü | D19: =IFERROR(INDEX(Programlar!$B$5:$B$22,MATCH("P15",Programlar!$A$5:$A$22,0)),"P15") -> YEKDEM (Yenilenebilir Enerji Kaynakları Destekleme Mekanizması) | E19: =IF(B19<TODAY(),"Geçti",IF(A19>TODAY(),IF(A19-TODAY()<=30,"Yaklaşıyor · "&(A19-TODAY())&" gün","İleri tarih"),"Açık · "&(B19-TODAY())&" gün kaldı")) -> İleri tarih | F19: Mevzuat | G19: K19

Sheet Kaynaklar
A1: Kaynaklar
A2: Diğer sayfalardaki 'Kaynak' sütunu bu kimliklere atıf yapar.
A4: ID | B4: Kaynak | C4: Tür | D4: Tarih / sayı | E4: Bağlantı | F4: Not | G4: Erişim
A5: K01 | B5: Yatırımlarda Devlet Yardımları Hakkında Karar (9903) — orijinal metin ve ekler | C5: Resmî Gazete | D5: RG 30.05.2025 / 32915 | E5: https://www.resmigazete.gov.tr/eskiler/2025/05/20250530-2.pdf | F5: EK-2 (s.21), EK-3 (s.22-28), EK-4 (s.29-42), EK-5 (s.43-50) taranmış sayfalardan okundu. | G5: 26.09.2026
A6: K02 | B6: 9903 sayılı Karar — konsolide metin | C6: Mevzuat veri tabanı | D6: Lexpera, erişim 26.09.2026 | E6: https://www.lexpera.com.tr/mevzuat/cumhurbaskani-kararlari/yatirimlarda-devlet-yardimlari-hakkinda-karar-9903 | F6: Madde metinleri. | G6: 26.09.2026
A7: K03 | B7: Kararın Uygulanmasına İlişkin Tebliğ (2025/1) ve değişikliği (2026/1) | C7: Resmî Gazete | D7: RG 21.06.2025 / 32933; RG 09.04.2026 / 33219 | E7: https://www.resmigazete.gov.tr/eskiler/2025/06/20250621-14.htm | F7: Uygulama esasları; bu envanterde ayrıntısına girilmedi. | G7: 26.09.2026
A8: K04 | B8: 2026 yılı 9903 TL tutarları (Sanayi ve Teknoloji Bakanlığı güncellemesi) | C8: İkincil kaynak | D8: Teşvik Akademi, 30.01.2026 | E8: https://tesvikakademi.com/haber/2026-yili-yatirim-tesvik-tutarlari-aciklandi/ | F8: Bakanlık metni birincil kaynaktan okunamadı; %25,49 yeniden değerleme ile tutarlı. | G8: 26.09.2026
A9: K05 | B9: Yerel Yatırım Konuları Listesi Tebliği; EK-1 değişikliği | C9: Resmî Gazete | D9: RG 09.07.2025 / 32951; EK-1: RG 31.01.2026 / 33154 | E9: https://www.resmigazete.gov.tr/eskiler/2026/01/20260131-13-1.pdf | F9: 81 il × 4 konu; taranmış 20 sayfadan okundu, başlıklar kısaltıldı. | G9: 26.09.2026
A10: K06 | B10: Yeşil Dönüşüm Destek Programı Uygulama Usul ve Esasları Tebliği | C10: Resmî Gazete | D10: RG 26.07.2024 / 32613; değişiklik 09.07.2025 | E10: https://www.resmigazete.gov.tr/eskiler/2024/07/20240726-19.htm | F10: Özet: İSO ve hukuk bülteni; 9903 m.12 ile program sürüyor. | G10: 26.09.2026
A11: K07 | B11: Cazibe Merkezleri Programı Kararı (2018/11201) — EK-1 iller | C11: Resmî Gazete | D11: RG 25.01.2018 / 30312 | E11: https://www.resmigazete.gov.tr/eskiler/2018/01/20180125-2.pdf | F11: 23 il; 9903 geçici m.4 bu listeye atıf yapar. | G11: 26.09.2026
A12: K08 | B12: 7028 sayılı CBK — Cazibe Merkezleri EK-2 (deprem ilçeleri) | C12: Resmî Gazete | D12: RG 05.04.2023 / 32154 | E12: https://www.resmigazete.gov.tr/eskiler/2023/04/20230405-9.pdf | F12: 9 il, 65 ilçe; 9903 geçici m.3 bu listeye atıf yapar. | G12: 26.09.2026
A13: K09 | B13: Enerji Kaynaklarının ve Enerjinin Kullanımında Verimliliğin Artırılmasına Dair Yönetmelik (EVY) | C13: Resmî Gazete | D13: RG 27.10.2011 / 28097; son değ. RG 21.09.2024 / 32669 | E13: https://www.lexpera.com.tr/mevzuat/yonetmelikler/enerji-kaynaklarinin-ve-enerjinin-kullaniminda-verimliligin-artirilmasina-dair-yonetmelik-2011-28097-5 | F13: m.9 yükümlülük eşikleri; m.16 oran ve tavanlar; m.17/A kümülasyon. | G13: 26.09.2026
A14: K10 | B14: VAP Destek Programı Uygulama Usul ve Esasları (VAP UE) | C14: Resmî belge | D14: ETKB, 2025 | E14: https://enerji.gov.tr/Media/Dizin/EVCED/tr/EnerjiVerimlili%C4%9Fi/Destekler/dokumanlar/VAP_Destekleri/Verimlilik_Artirici_Proje_(VAP)_Destek_Programi_Hakkinda_Uygulama_Usul_Esaslari.pdf | G14: 26.09.2026
A15: K11 | B15: ETKB duyurusu — VAP usul ve esaslarında değişiklik | C15: Resmî duyuru | D15: Bakan Oluru 12.03.2026 / 389072 | E15: https://enerji.gov.tr/duyuru-detay?id=30609 | F15: 5 mn TL alt sınırı, geri ödeme 7/10 yıl, 2027 oranları, 15 mn TL mühendis limiti. | G15: 26.09.2026
A16: K12 | B16: ETKB açıklaması (Anadolu Ajansı) | C16: Resmî açıklama (basın) | D16: 27.06.2026 | E16: https://www.aa.com.tr/tr/ekonomi/enerji-verimliligi-ve-karbon-azaltimina-yeni-hibe-destegi-geliyor/3979586 | F16: 2026 VAP 27.092.663 TL; EKA 18.061.775 TL; 20 işletme. | G16: 26.09.2026
A17: K13 | B17: 2026 Yılı VAP Denetim Bedelleri | C17: Resmî belge | D17: ETKB, 31.12.2025 | E17: https://enerji.gov.tr/Media/Dizin/BHIM/tr/Duyurular//2026_Yili_VAP_Denetim_Bedelleri_202512311640.docx | G17: 26.09.2026
A18: K14 | B18: ETKB duyurusu — EKA Destek Programı başvuruları | C18: Resmî duyuru | D18: 2026 (id 30623) | E18: https://enerji.gov.tr/duyuru-detay?id=30623 | G18: 26.09.2026
A19: K15 | B19: EKA Destek Programı Uygulama Usul ve Esasları (EKA UE) | C19: Resmî belge | D19: ETKB-EYS-USLE-016 Rev.00, 2026 | E19: https://enerji.gov.tr/Media/Dizin/BHIM/tr/Duyurular//Enerji_ve_Karbon_Azaltim_(EKA)_Destek_Programi_hakkinda_Uygulama_Usul_ve_Esaslari_202606291644.pdf | G19: 26.09.2026
A20: K16 | B20: EPS ile Uygulanacak Projelerin Desteklenmesine İlişkin Usul ve Esaslar (EPS UE) | C20: Resmî belge | D20: ETKB-EYS-USLE-013 Rev.00, 2026 | E20: https://enerji.gov.tr/Media/Dizin/HIGM/tr/Mevzuat/Enerji_Verimliligi/ENERJI_PERFORMANS_SOZLESMELERI_ILE_UYGULANACAK_PROJELERIN_DESTEKLENMESINE_ILISKIN_USUL_VE_ESASLAR.pdf | G20: 26.09.2026
A21: K17 | B21: ETKB duyurusu — EPS Destek Programı başvuruları | C21: Resmî duyuru | D21: 2026 (id 30601) | E21: https://enerji.gov.tr/duyuru-detay?id=30601 | G21: 26.09.2026
A22: K18 | B22: Elektrik Piyasasında Lisanssız Elektrik Üretim Yönetmeliği (LÜY) | C22: Resmî Gazete | D22: RG 12.05.2019 / 30772; son değ. RG 02.04.2026 / 33212 | E22: https://www.lexpera.com.tr/mevzuat/yonetmelikler/elektrik-piyasasinda-lisanssiz-elektrik-uretim-yonetmeligi | G22: 26.09.2026
A23: K19 | B23: 7189 sayılı CBK — 2021-2030 YEKDEM fiyatları ve süreleri | C23: Resmî Gazete | D23: RG 01.05.2023 / 32177 | E23: https://www.resmigazete.gov.tr/eskiler/2023/05/20230501-7.pdf | F23: EK-1 fiyat tablosu, EK-2 güncelleme formülü. | G23: 26.09.2026
A24: K20 | B24: 11415 sayılı CBK — 10 yılı dolan lisanssız tesislerde ihtiyaç fazlası fiyatı | C24: Resmî Gazete | D24: RG 13.06.2026 / 33279 | E24: https://www.resmigazete.gov.tr/eskiler/2026/06/20260613-3.pdf | G24: 26.09.2026
A25: K21 | B25: YEKA GES-2026 şartnamesi ve duyurusu | C25: Resmî belge | D25: İlan RG 11.07.2026 / 33307; ETKB id 30627 | E25: https://enerji.gov.tr/duyuru-detay?id=30627 | G25: 26.09.2026
A26: K22 | B26: YEKA RES-2026 şartnamesi ve duyurusu | C26: Resmî belge | D26: İlan RG 11.07.2026 / 33307; ETKB id 30626 | E26: https://enerji.gov.tr/duyuru-detay?id=30626 | G26: 26.09.2026
A27: K23 | B27: Bakan açıklaması — YEKA 2026 yarışmaları (AA) | C27: Resmî açıklama (basın) | D27: Temmuz 2026 | E27: https://www.aa.com.tr/tr/enerjiterminali/genel/bakan-bayraktar-2026-yeka-yarismalariyla-yenilenebilir-enerjide-yeni-bir-yatirim-donemine-kapi-araliyoruz/58274 | F27: Başvuru tarihi 13 Ekim 2026. | G27: 26.09.2026
A28: K24 | B28: Elektrik Piyasasında Depolama Faaliyetleri Yönetmeliği | C28: Resmî Gazete | D28: RG 09.05.2021 / 31479 (orijinal); son değ. 01.01.2026 | E28: https://www.resmigazete.gov.tr/eskiler/2021/05/20210509-3.htm | F28: Konsolide metne erişilemedi; orijinal metin kullanıldı. | G28: 26.09.2026
A29: K25 | B29: HIT-30 Yüksek Teknoloji Yatırım Programı — resmî site | C29: Resmî sayfa | D29: Sanayi ve Teknoloji Bakanlığı | E29: https://hit30.sanayi.gov.tr/cagrilar | F29: Çağrılar, teşvikler, sektörler sayfaları. | G29: 26.09.2026
A30: K26 | B30: KOSGEB Yeşil Sanayi Destek Programı | C30: Resmî sayfa | D30: KOSGEB | E30: https://www.kosgeb.gov.tr/site/tr/genel/destekdetay/9022/yesil-sanayi-destek-programi | G30: 26.09.2026
A31: K27 | B31: KOSGEB KOBİ Enerji Verimliliği Destek Programı | C31: Resmî sayfa | D31: KOSGEB — 'Yürürlükten Kaldırılan Destekler' altında | E31: https://www.kosgeb.gov.tr/site/tr/genel/destekdetay/8202/kobi-enerji-verimliligi-destek-programi | G31: 26.09.2026
A32: K28 | B32: KOSGEB güncel destek programları listesi | C32: Resmî sayfa | D32: KOSGEB | E32: https://www.kosgeb.gov.tr/site/tr/genel/destekler/3/destekler | G32: 26.09.2026
A33: K29 | B33: TÜBİTAK 1832 Sanayide Yeşil Dönüşüm 2026-2 çağrısı | C33: Resmî duyuru | D33: TÜBİTAK | E33: https://tubitak.gov.tr/tr/destekler/destek/sanayi/ulusal-destek-programlari/cagri-1832-sanayide-yesil-donusum-2026-2-cagrisi-basvuruya-acildi | G33: 26.09.2026
A34: K30 | B34: Kalkınma ajansları ofis ve yatırım destek ofisi bilgileri | C34: Resmî sayfa | D34: ka.gov.tr | E34: https://ka.gov.tr/ | G34: 26.09.2026
A35: K31 | B35: Yerel Kalkınma Hamlesi 2026 başvuru dönemi (basın) | C35: İkincil kaynak | D35: AA / TRT, 2026 | E35: https://www.aa.com.tr/tr/ekonomi/yerelde-kalkinma-destekleri-81-ilin-cevherlerini-ortaya-cikaracak/3910357 | F35: 2 Mart – 15 Mayıs 2026. | G35: 26.09.2026
A36: K32 | B36: 2025 yılı yeniden değerleme oranı %25,49 | C36: İkincil kaynak + çapraz kontrol | D36: VUK mük. 298 | F36: ETKB'nin 2025→2026 VAP (21.589.500→27.092.663) ve EKA (14.393.000→18.061.775) tutarları ×1,2549 ile birebir tutuyor. | G36: 26.09.2026

Sheet Teyit Listesi
A1: Teyit bekleyen bilgiler
A2: Durum sütunu kullanıcı içindir (açılır liste).
A4: ID | B4: Konu | C4: Neden | D4: Nasıl teyit edilir | E4: İlgili sayfa | F4: Durum
A5: T-01 | B5: 9903 kapsamındaki 2026 TL tutarları | C5: Bakanlığın güncelleme metni birincil kaynaktan okunamadı; ikincil kaynak + %25,49 çapraz kontrol. | D5: sanayi.gov.tr teşvik mevzuatı / E-TUYS duyurusu ile karşılaştır. | E5: Parasal Eşikler 2026 | F5: Açık
A6: T-02 | B6: Stratejik 'diğer' asgari, Hedef faiz limiti, makine desteği limitleri, LNG eşiği (2026) | C6: İlanda görülmedi; baz × 1,2549 ile hesaplandı. | D6: Bakanlık tutar listesi. | E6: Parasal Eşikler 2026 | F6: Açık
A7: T-03 | B7: EPS desteğinde 2026 azami tutar | C7: UE 'başvuru yılında belirlenen azami tutar' diyor; ilanda rakam yok. | D7: ETKB'den teyit. | E7: Destek Unsurları | F7: Açık
A8: T-04 | B8: KOSGEB YSDP çağrılarının 2026 durumu | C8: Sayfada 2023-01/02 çağrıları 'yürürlükte' görünüyor. | D8: KOSGEB e-Hizmetler / il müdürlüğü. | E8: Programlar | F8: Açık
A9: T-05 | B9: Depolama Faaliyetleri Yönetmeliğinin güncel metni | C9: Konsolide metne erişilemedi; 2021 orijinal metni kullanıldı (son değ. 01.01.2026). | D9: mevzuat.gov.tr konsolide metin. | E9: Uygunluk Kuralları | F9: Açık
A10: T-06 | B10: Isı pompasının VAP geri ödeme sınırı (7 mi 10 yıl mı) | C10: Toprak/jeotermal kaynaklı ısı pompasının 'YEK kaynaklı ısı' sayılıp sayılmadığına dair hüküm yok. | D10: ETKB Enerji Verimliliği ve Çevre Dairesi. | E10: Yatırım Türü Matrisi | F10: Açık
A11: T-07 | B11: 9903 ile YEKDEM / EKA / YEKA'nın birlikte kullanımı | C11: m.33 anlamında 'destek' kapsamına dair açık hüküm yok. | D11: Sanayi ve Teknoloji Bakanlığı görüşü. | E11: Kümülasyon | F11: Açık
A12: T-08 | B12: Enerjisa dağıtım bölgeleri (LÜY m.37/10) | C12: İl listesi şirket bilgisine dayanıyor. | D12: Şirket içi teyit. | E12: İller | F12: Açık
A13: T-09 | B13: Cazibe EK-1 ve deprem EK-2 listelerinde 2023 sonrası değişiklik | C13: Orijinal RG metinleri kullanıldı. | D13: Konsolide 2018/11201 metni. | E13: İller | F13: Açık
A14: T-10 | B14: YKH 2026 başvuru dönemi | C14: Basın kaynağı. | D14: ka.gov.tr duyurusu. | E14: Takvim ve Çağrılar | F14: Açık
A15: T-11 | B15: YEKA 2026 başvuru tarihi (13.10.2026) | C15: Bakan açıklaması (AA); RG ilanı taranmış görüntü. | D15: RG 11.07.2026 ilan metni. | E15: Takvim ve Çağrılar | F15: Açık
A16: T-12 | B16: 5346 m.8 arazi/izin bedeli indirimleri | C16: Bu envanterde araştırılmadı; süre sınırı olabilir. | D16: 5346 konsolide metin. | E16: — | F16: Açık
